TermCollection,Term,name,es,nes,pval,fdr,fwerp,leadhits_total,tag %,gene %,lead_genes,matched_genes,hits,TermCollection_Term
c2.cp.biocarta,BIOCARTA_TID_PATHWAY,prerank,0.7972385294060005,2.0890635703644755,0.0,0.003091610845915282,0.001,6_18,6/18,6.55%,HSPA1A;RELA;NFKBIA;TNFRSF1A;TNFRSF1B;IFNGR2,HSPA1A;RELA;NFKBIA;TNFRSF1A;TNFRSF1B;IFNGR2;IKBKB;NFKB1;TNF;IFNGR1;TAX1BP3;TP53;JAK2;WT1;LIN7A;RB1;USH1C;DNAJA3,"[2, 68, 132, 390, 720, 1147, 2341, 2835, 3515, 5613, 7562, 8693, 8889, 9281, 9388, 9620, 10869, 11060]",c2.cp.biocarta__BIOCARTA_TID_PATHWAY
c2.cp.biocarta,BIOCARTA_DEATH_PATHWAY,prerank,0.649219228245986,1.879441306121964,0.0,0.025248155241641472,0.082,12_28,12/28,16.19%,RELA;CASP7;NFKBIA;TRAF2;BID;BCL2;BIRC3;FADD;CASP6;TNFRSF25;RIPK1;NFKB1,RELA;CASP7;NFKBIA;TRAF2;BID;BCL2;BIRC3;FADD;CASP6;TNFRSF25;RIPK1;NFKB1;CASP10;TRADD;DFFB;LMNA;BIRC2;CASP9;CFLAR;DFFA;SPTAN1;CASP8;XIAP;GAS2;CHUK;CASP3;APAF1;TNFSF10,"[68, 112, 132, 494, 779, 1238, 1994, 2019, 2212, 2404, 2701, 2835, 3306, 4084, 5280, 5411, 6219, 6429, 7112, 7631, 8037, 10378, 11034, 11650, 12017, 12945, 13773, 13874]",c2.cp.biocarta__BIOCARTA_DEATH_PATHWAY
c2.cp.biocarta,BIOCARTA_ASBCELL_PATHWAY,prerank,0.7848206722861254,1.8219138957477337,0.006276150627615063,0.026516508409196456,0.172,5_10,5/10,10.25%,CD4;HLA-DRB1;HLA-DRA;HLA-DRB5;CD40,CD4;HLA-DRB1;HLA-DRA;HLA-DRB5;CD40;CD80;IL10;IL4;FAS;CD28,"[204, 784, 1505, 1667, 1795, 3114, 6941, 8442, 9493, 9793]",c2.cp.biocarta__BIOCARTA_ASBCELL_PATHWAY
c2.cp.biocarta,BIOCARTA_AKT_PATHWAY,prerank,0.6648793454302157,1.8281904288053274,0.0020491803278688526,0.02679396066459911,0.164,9_20,9/20,19.13%,RELA;NFKBIA;HSP90AA1;FOXO4;IKBKB;BAD;NFKB1;AKT1;FOXO1,RELA;NFKBIA;HSP90AA1;FOXO4;IKBKB;BAD;NFKB1;AKT1;FOXO1;CASP9;PIK3CG;PIK3CA;GHR;IKBKG;YWHAH;FOXO3;PDPK1;CHUK;PPP2CA;PIK3R1,"[68, 132, 876, 1318, 2341, 2388, 2835, 3267, 3351, 6429, 6453, 7105, 7202, 7584, 7832, 8003, 10975, 12017, 12732, 14526]",c2.cp.biocarta__BIOCARTA_AKT_PATHWAY
c2.cp.biocarta,BIOCARTA_STRESS_PATHWAY,prerank,0.6721941513026696,1.8833189086771671,0.002053388090349076,0.02782449761323754,0.075,10_23,10/23,16.19%,RELA;NFKBIA;MAP2K3;TNFRSF1A;TRAF2;IKBKB;RIPK1;ATF1;JUN;NFKB1,RELA;NFKBIA;MAP2K3;TNFRSF1A;TRAF2;IKBKB;RIPK1;ATF1;JUN;NFKB1;TNF;TRADD;CASP2;MAP3K1;MAPK14;IKBKG;MAP2K6;MAP2K4;MAP4K2;CRADD;TANK;CHUK;MAPK8,"[68, 132, 292, 390, 494, 2341, 2701, 2770, 2824, 2835, 3515, 4084, 6081, 7054, 7304, 7584, 7672, 8233, 8664, 9669, 10953, 12017, 16304]",c2.cp.biocarta__BIOCARTA_STRESS_PATHWAY
c2.cp.biocarta,BIOCARTA_FMLP_PATHWAY,prerank,0.5779130836664815,1.7801115019564993,0.0,0.028413375869602357,0.274,13_34,13/34,17.32%,RELA;NFKBIA;NFATC4;MAP2K3;NCF1;ELK1;MAPK3;NFATC2;NFATC1;MAP2K2;FPR1;NFKB1;RAF1,RELA;NFKBIA;NFATC4;MAP2K3;NCF1;ELK1;MAPK3;NFATC2;NFATC1;MAP2K2;FPR1;NFKB1;RAF1;PPP3CC;HRAS;GNA15;NCF2;MAP2K1;CAMK1;MAP3K1;MAPK14;MAP2K6;NFATC3;CAMK1G;PPP3CA;RAC1;CALM3;CALM2;PPP3CB;PIK3C2G;MAPK1;PAK1;CALM1;PLCB1,"[68, 132, 262, 292, 461, 973, 1114, 1367, 1675, 2104, 2561, 2835, 3033, 3642, 3976, 4188, 4720, 5701, 6902, 7054, 7304, 7672, 7891, 9758, 11156, 11471, 12212, 12311, 12602, 12690, 12772, 14368, 14779, 14865]",c2.cp.biocarta__BIOCARTA_FMLP_PATHWAY
c2.cp.biocarta,BIOCARTA_TGFB_PATHWAY,prerank,0.6619890439298477,1.7874102360265125,0.0,0.028475363054482863,0.251,8_19,8/19,15.84%,TGFB1;MAPK3;TGFB2;SMAD7;TGFB3;CREBBP;SMAD4;TGFBR2,TGFB1;MAPK3;TGFB2;SMAD7;TGFB3;CREBBP;SMAD4;TGFBR2;TGFBR1;MAP2K1;SMAD3;SMAD2;EP300;SKIL;CDH1;MAP3K7;APC;ZFYVE9;TAB1,"[386, 1114, 1191, 1659, 1861, 1980, 2618, 2773, 5624, 5701, 5844, 6205, 7268, 8425, 8970, 9639, 9884, 11024, 13969]",c2.cp.biocarta__BIOCARTA_TGFB_PATHWAY
c2.cp.biocarta,BIOCARTA_PCAF_PATHWAY,prerank,0.7603836424873383,1.8304634650722886,0.0,0.028527136441854648,0.161,8_13,8/13,16.19%,RELA;IRF7;IRF3;IRF1;IRF5;CREBBP;JUN;NFKB1,RELA;IRF7;IRF3;IRF1;IRF5;CREBBP;JUN;NFKB1;IRF2;ATF2;KAT2B;IRF4;HMGB1,"[68, 161, 315, 538, 1040, 1980, 2824, 2835, 4161, 8136, 8626, 8729, 14226]",c2.cp.biocarta__BIOCARTA_PCAF_PATHWAY
c2.cp.biocarta,BIOCARTA_EPONFKB_PATHWAY,prerank,0.7920042800700671,1.8378649923321801,0.0021321961620469083,0.02875198086701212,0.151,3_11,3/11,0.76%,EPOR;RELA;NFKBIA,EPOR;RELA;NFKBIA;CDKN1A;NFKB1;GRIN1;HIF1A;JAK2;SOD2;EPO;ARNT,"[45, 68, 132, 1714, 2835, 4890, 8234, 8889, 9445, 9692, 11989]",c2.cp.biocarta__BIOCARTA_EPONFKB_PATHWAY
c2.cp.biocarta,BIOCARTA_ARENRF2_PATHWAY,prerank,0.6741054500688894,1.8091156368761545,0.0,0.028818229670853165,0.199,10_19,10/19,16.50%,FXYD2;MAFF;HMOX1;POR;KEAP1;MAFG;NFE2L2;CRYZ;JUN;FOS,FXYD2;MAFF;HMOX1;POR;KEAP1;MAFG;NFE2L2;CRYZ;JUN;FOS;AKR7A2;MAFK;MAPK14;HMOX2;CREB1;PRKCA;MAPK1;PRKCB;MAPK8,"[5, 26, 693, 1133, 1924, 2367, 2684, 2780, 2824, 2889, 5253, 5461, 7304, 8768, 10478, 10873, 12772, 14648, 16304]",c2.cp.biocarta__BIOCARTA_ARENRF2_PATHWAY
c2.cp.biocarta,BIOCARTA_NKT_PATHWAY,prerank,0.6624163500003721,1.7818148796706497,0.0021008403361344537,0.02898385168045577,0.269,7_19,7/19,10.63%,CXCR4;CD4;TGFB1;IL4R;IFNGR2;TGFB2;TGFB3,CXCR4;CD4;TGFB1;IL4R;IFNGR2;TGFB2;TGFB3;IL18R1;CCR1;CCR5;IFNGR1;CCL3;IL4;CCL4;CD28;CCR7;IL12RB1;IL12RB2;IL5,"[77, 204, 386, 462, 1147, 1191, 1861, 3123, 3341, 4246, 5613, 7600, 8442, 9267, 9793, 10347, 12365, 13865, 15390]",c2.cp.biocarta__BIOCARTA_NKT_PATHWAY
c2.cp.biocarta,BIOCARTA_HIVNEF_PATHWAY,prerank,0.53052884066325,1.7749795511667459,0.0,0.02908924750474834,0.291,18_54,18/54,16.19%,RELA;CASP7;NFKBIA;TNFRSF1A;TRAF2;DAXX;TNFRSF1B;BID;CDK11B;CDK11A;BCL2;LMNB2;BIRC3;FADD;CASP6;RIPK1;ARHGDIB;NFKB1,RELA;CASP7;NFKBIA;TNFRSF1A;TRAF2;DAXX;TNFRSF1B;BID;CDK11B;CDK11A;BCL2;LMNB2;BIRC3;FADD;CASP6;RIPK1;ARHGDIB;NFKB1;MAP2K7;TNF;TRADD;MAP3K5;DFFB;LMNA;TRAF1;GSN;CASP2;BIRC2;CASP9;MAP3K1;CFLAR;PAK2;DFFA;SPTAN1;NUMA1;FAS;PRKCD;RB1;CRADD;PARP1;CASP8;LMNB1;PSEN2;XIAP;BAG4;CHUK;CASP3;ACTG1;PSEN1;APAF1;MDM2;MAPK8;PRKDC;RASA1,"[68, 112, 132, 390, 494, 554, 720, 779, 854, 1106, 1238, 1800, 1994, 2019, 2212, 2701, 2833, 2835, 3121, 3515, 4084, 4419, 5280, 5411, 5590, 6007, 6081, 6219, 6429, 7054, 7112, 7446, 7631, 8037, 9366, 9493, 9580, 9620, 9669, 9697, 10378, 10489, 10674, 11034, 11230, 12017, 12945, 13331, 13571, 13773, 15285, 16304, 16539, 16602]",c2.cp.biocarta__BIOCARTA_HIVNEF_PATHWAY
c2.cp.biocarta,BIOCARTA_TOB1_PATHWAY,prerank,0.7117569960497456,1.7879814117797979,0.002074688796680498,0.029971449589567597,0.25,9_15,9/15,19.58%,TGFB1;TGFBR3;TGFB2;TGFB3;TOB2;CD247;SMAD4;TGFBR2;CD3E,TGFB1;TGFBR3;TGFB2;TGFB3;TOB2;CD247;SMAD4;TGFBR2;CD3E;TOB1;TGFBR1;SMAD3;IL4;CD3G;CD28,"[386, 894, 1191, 1861, 2122, 2564, 2618, 2773, 3429, 4156, 5624, 5844, 8442, 8645, 9793]",c2.cp.biocarta__BIOCARTA_TOB1_PATHWAY
c2.cp.biocarta,BIOCARTA_P38MAPK_PATHWAY,prerank,0.5746860187024909,1.791703874225176,0.006342494714587738,0.03009774088229289,0.238,11_36,11/36,7.04%,HSPB1;HSPB2;MAPKAPK2;TGFB1;MAX;TRAF2;DAXX;DDIT3;ELK1;TGFB2;MYC,HSPB1;HSPB2;MAPKAPK2;TGFB1;MAX;TRAF2;DAXX;DDIT3;ELK1;TGFB2;MYC;TGFB3;RIPK1;HRAS;TRADD;MAP3K5;SHC1;TGFBR1;MKNK1;MAP3K1;MAPK14;MAP2K6;ATF2;MAP2K4;PLA2G4A;MAP3K7;CREB1;GRB2;RAC1;RAPGEF2;MAP3K9;CDC42;RPS6KA5;STAT1;HMGN1;MAPKAPK5,"[3, 298, 344, 386, 484, 494, 554, 729, 973, 1191, 1232, 1861, 2701, 3976, 4084, 4419, 4654, 5624, 6710, 7054, 7304, 7672, 8136, 8233, 9214, 9639, 10478, 11405, 11471, 12603, 13184, 16108, 16291, 16938, 16952, 17285]",c2.cp.biocarta__BIOCARTA_P38MAPK_PATHWAY
c2.cp.biocarta,BIOCARTA_P53HYPOXIA_PATHWAY,prerank,0.6582050807371767,1.8007447767361453,0.004366812227074236,0.03050389367969745,0.221,10_21,10/21,18.66%,HSPA1A;DNAJB1;HIC1;HSP90AA1;CDKN1A;BAX;NQO1;NFKBIB;ABCB1;AKT1,HSPA1A;DNAJB1;HIC1;HSP90AA1;CDKN1A;BAX;NQO1;NFKBIB;ABCB1;AKT1;RPA1;GADD45A;EP300;IGFBP3;HIF1A;FHL2;TP53;ATM;MDM2;TAF1;MAPK8,"[2, 9, 124, 876, 1714, 1799, 2676, 2943, 3190, 3267, 6545, 6740, 7268, 7570, 8234, 8535, 8693, 11270, 15285, 16157, 16304]",c2.cp.biocarta__BIOCARTA_P53HYPOXIA_PATHWAY
c2.cp.biocarta,BIOCARTA_TH1TH2_PATHWAY,prerank,0.7172439202212867,1.8390308312090542,0.006185567010309278,0.03160313309157844,0.149,8_17,8/17,10.25%,IL4R;IL18;HLA-DRB1;IFNGR2;HLA-DRA;CD86;HLA-DRB5;CD40,IL4R;IL18;HLA-DRB1;IFNGR2;HLA-DRA;CD86;HLA-DRB5;CD40;IL18R1;IFNGR1;NR1I2;IL12B;IL4;CD28;IL12A;IL12RB1;IL12RB2,"[462, 662, 784, 1147, 1505, 1574, 1667, 1795, 3123, 5613, 6022, 6713, 8442, 9793, 10432, 12365, 13865]",c2.cp.biocarta__BIOCARTA_TH1TH2_PATHWAY
c2.cp.biocarta,BIOCARTA_TCRA_PATHWAY,prerank,0.7703902703429101,1.7921975484506285,0.0020876826722338203,0.03178562400956649,0.238,8_11,8/11,14.64%,CD4;HLA-DRB1;LCK;FYN;HLA-DRA;HLA-DRB5;ZAP70;CD247,CD4;HLA-DRB1;LCK;FYN;HLA-DRA;HLA-DRB5;ZAP70;CD247;CD3E;PTPRC;CD3G,"[204, 784, 1019, 1046, 1505, 1667, 2462, 2564, 3429, 3989, 8645]",c2.cp.biocarta__BIOCARTA_TCRA_PATHWAY
c2.cp.biocarta,BIOCARTA_NTHI_PATHWAY,prerank,0.6514173081324841,1.7584975096500244,0.0022123893805309734,0.03271954811927007,0.338,9_21,9/21,16.19%,RELA;NFKBIA;MAP2K3;CREBBP;IKBKB;MAPK11;SMAD4;TGFBR2;NFKB1,RELA;NFKBIA;MAP2K3;CREBBP;IKBKB;MAPK11;SMAD4;TGFBR2;NFKB1;TNF;MYD88;DUSP1;IL1B;TGFBR1;SMAD3;EP300;MAPK14;MAP2K6;MAP3K7;CHUK;NR3C1,"[68, 132, 292, 1980, 2341, 2344, 2618, 2773, 2835, 3515, 4132, 4446, 4629, 5624, 5844, 7268, 7304, 7672, 9639, 12017, 14123]",c2.cp.biocarta__BIOCARTA_NTHI_PATHWAY
c2.cp.biocarta,BIOCARTA_KERATINOCYTE_PATHWAY,prerank,0.5518407911919951,1.7603353422263401,0.006211180124223602,0.03306679426500693,0.331,17_43,17/43,17.82%,RELA;NFKBIA;MAP2K3;TNFRSF1A;TRAF2;DAXX;TNFRSF1B;MAPK3;BCL2;IKBKB;EGFR;RIPK1;JUN;NFKB1;FOS;RAF1;MAP2K7,RELA;NFKBIA;MAP2K3;TNFRSF1A;TRAF2;DAXX;TNFRSF1B;MAPK3;BCL2;IKBKB;EGFR;RIPK1;JUN;NFKB1;FOS;RAF1;MAP2K7;TNF;ETS1;HRAS;MAP3K5;EGF;SP1;CEBPA;MAP2K1;PRKCH;MAP3K1;MAPK14;MAP2K6;ETS2;MAP2K4;MAPK13;FAS;PRKCD;PRKCG;PRKCA;CHUK;PPP2CA;MAPK1;PRKCE;PRKCB;MAPK8;PRKCQ,"[68, 132, 292, 390, 494, 554, 720, 1114, 1238, 2341, 2347, 2701, 2824, 2835, 2889, 3033, 3121, 3515, 3821, 3976, 4419, 4444, 4488, 5110, 5701, 6300, 7054, 7304, 7672, 7937, 8233, 8706, 9493, 9580, 9622, 10873, 12017, 12732, 12772, 13636, 14648, 16304, 16535]",c2.cp.biocarta__BIOCARTA_KERATINOCYTE_PATHWAY
c2.cp.biocarta,BIOCARTA_RELA_PATHWAY,prerank,0.7355194187936259,1.843526884497035,0.002136752136752137,0.03323481659358928,0.141,9_15,9/15,16.19%,RELA;NFKBIA;TNFRSF1A;TNFRSF1B;CREBBP;FADD;IKBKB;RIPK1;NFKB1,RELA;NFKBIA;TNFRSF1A;TNFRSF1B;CREBBP;FADD;IKBKB;RIPK1;NFKB1;TNF;TRADD;EP300;IKBKG;TRAF6;CHUK,"[68, 132, 390, 720, 1980, 2019, 2341, 2701, 2835, 3515, 4084, 7268, 7584, 11998, 12017]",c2.cp.biocarta__BIOCARTA_RELA_PATHWAY
c2.cp.biocarta,BIOCARTA_IL1R_PATHWAY,prerank,0.6297505382417545,1.888282645281661,0.0,0.03323481659358928,0.071,14_29,14/29,16.19%,RELA;NFKBIA;MAP2K3;TGFB1;IRAK2;TGFB2;IRAK3;TGFB3;IL6;IL1RN;IKBKB;IRAK1;JUN;NFKB1,RELA;NFKBIA;MAP2K3;TGFB1;IRAK2;TGFB2;IRAK3;TGFB3;IL6;IL1RN;IKBKB;IRAK1;JUN;NFKB1;TNF;MYD88;IL1B;IL1R1;MAP3K1;MAPK14;MAP2K6;IFNA1;MAP3K7;TRAF6;CHUK;IL1A;IL1RAP;TAB1;MAPK8,"[68, 132, 292, 386, 990, 1191, 1369, 1861, 2121, 2260, 2341, 2376, 2824, 2835, 3515, 4132, 4629, 5151, 7054, 7304, 7672, 9040, 9639, 11998, 12017, 12614, 13453, 13969, 16304]",c2.cp.biocarta__BIOCARTA_IL1R_PATHWAY
c2.cp.biocarta,BIOCARTA_INFLAM_PATHWAY,prerank,0.706229857225242,1.9491012408189177,0.0,0.03478062201654692,0.04,10_21,10/21,12.11%,CSF1;CD4;TGFB1;HLA-DRB1;TGFB2;HLA-DRA;HLA-DRB5;CSF3;TGFB3;IL6,CSF1;CD4;TGFB1;HLA-DRB1;TGFB2;HLA-DRA;HLA-DRB5;CSF3;TGFB3;IL6;TNF;IL15;IL10;PDGFA;IL11;IL13;IL4;IFNA1;IL1A;IL7;IL5,"[137, 204, 386, 784, 1191, 1505, 1667, 1776, 1861, 2121, 3515, 4728, 6941, 7604, 8041, 8159, 8442, 9040, 12614, 14894, 15390]",c2.cp.biocarta__BIOCARTA_INFLAM_PATHWAY
c2.cp.biocarta,BIOCARTA_HSP27_PATHWAY,prerank,0.7582889392430925,1.84688714724634,0.0022371364653243847,0.03599518342029936,0.134,5_13,5/13,7.07%,HSPB1;HSPB2;MAPKAPK2;DAXX;BCL2,HSPB1;HSPB2;MAPKAPK2;DAXX;BCL2;ACTA1;TNF;MAPKAPK3;CASP9;FAS;IL1A;CASP3;APAF1,"[3, 298, 344, 554, 1238, 2840, 3515, 5839, 6429, 9493, 12614, 12945, 13773]",c2.cp.biocarta__BIOCARTA_HSP27_PATHWAY
c2.cp.biocarta,BIOCARTA_MAPK_PATHWAY,prerank,0.47512680499462473,1.7221490613913477,0.002008032128514056,0.03962414567514753,0.453,28_80,28/80,17.82%,RELA;MKNK2;NFKBIA;MAP2K3;MAPKAPK2;TGFB1;MAX;TRAF2;DAXX;MAP3K6;ELK1;MAP4K1;MAPK3;TGFB2;MYC;TGFB3;MAP2K2;IKBKB;MAPK11;MAP3K3;RIPK1;JUN;NFKB1;FOS;MAP3K8;MAPK12;RAF1;MAP2K7,RELA;MKNK2;NFKBIA;MAP2K3;MAPKAPK2;TGFB1;MAX;TRAF2;DAXX;MAP3K6;ELK1;MAP4K1;MAPK3;TGFB2;MYC;TGFB3;MAP2K2;IKBKB;MAPK11;MAP3K3;RIPK1;JUN;NFKB1;FOS;MAP3K8;MAPK12;RAF1;MAP2K7;MAP3K10;MAPK7;HRAS;TRADD;MAP3K5;SP1;SHC1;MAPK4;RPS6KA4;CEBPA;RPS6KA1;TGFBR1;MAP2K1;MAPKAPK3;MAP3K4;MKNK1;MAP3K1;MAP4K4;RPS6KB2;MAPK14;MAP3K11;PAK2;MAP2K6;MAP2K5;ATF2;MAP2K4;RPS6KB1;MAP4K2;MAPK13;RPS6KA2;RPS6KA3;MAP3K2;MAP3K7;MAPK10;CREB1;GRB2;RAC1;MAP4K3;CHUK;RAPGEF2;MAPK1;MAP3K9;MAP3K12;MAP4K5;PAK1;MAPK9;RPS6KA5;MAPK8;MAP3K13;MAPK6;STAT1;MAPKAPK5,"[68, 81, 132, 292, 344, 386, 484, 494, 554, 926, 973, 993, 1114, 1191, 1232, 1861, 2104, 2341, 2344, 2656, 2701, 2824, 2835, 2889, 2891, 2998, 3033, 3121, 3529, 3561, 3976, 4084, 4419, 4488, 4654, 4801, 5082, 5110, 5141, 5624, 5701, 5839, 6651, 6710, 7054, 7148, 7191, 7304, 7357, 7446, 7672, 7975, 8136, 8233, 8326, 8664, 8706, 9145, 9363, 9404, 9639, 10309, 10478, 11405, 11471, 11491, 12017, 12603, 12772, 13184, 13737, 14285, 14368, 14702, 16291, 16304, 16761, 16768, 16938, 17285]",c2.cp.biocarta__BIOCARTA_MAPK_PATHWAY
c2.cp.biocarta,BIOCARTA_TNFR2_PATHWAY,prerank,0.7556330045407128,1.8946816980211714,0.0019880715705765406,0.039675672522579454,0.063,8_15,8/15,16.19%,RELA;NFKBIA;TRAF2;TNFRSF1B;TNFAIP3;IKBKB;RIPK1;NFKB1,RELA;NFKBIA;TRAF2;TNFRSF1B;TNFAIP3;IKBKB;RIPK1;NFKB1;DUSP1;TRAF1;MAP3K1;IKBKG;TRAF3;TANK;CHUK,"[68, 132, 494, 720, 2189, 2341, 2701, 2835, 4446, 5590, 7054, 7584, 7749, 10953, 12017]",c2.cp.biocarta__BIOCARTA_TNFR2_PATHWAY
c2.cp.biocarta,BIOCARTA_TCR_PATHWAY,prerank,0.5497996154126424,1.7239343979268942,0.004618937644341801,0.04029754826744747,0.447,18_43,18/43,17.32%,RELA;NFKBIA;LAT;NFATC4;PLCG1;ELK1;LCK;FYN;MAPK3;NFATC2;NFATC1;ZAP70;CD247;JUN;NFKB1;VAV1;FOS;RAF1,RELA;NFKBIA;LAT;NFATC4;PLCG1;ELK1;LCK;FYN;MAPK3;NFATC2;NFATC1;ZAP70;CD247;JUN;NFKB1;VAV1;FOS;RAF1;CD3E;PPP3CC;HRAS;SHC1;MAP2K1;SOS1;PIK3CG;MAP3K1;PIK3CA;NFATC3;MAP2K4;CD3G;PRKCA;PPP3CA;GRB2;PTPN7;RAC1;CALM3;CALM2;PPP3CB;PIK3R1;PRKCB;CALM1;MAPK8;RASA1,"[68, 132, 194, 262, 405, 973, 1019, 1046, 1114, 1367, 1675, 2462, 2564, 2824, 2835, 2843, 2889, 3033, 3429, 3642, 3976, 4654, 5701, 5826, 6453, 7054, 7105, 7891, 8233, 8645, 10873, 11156, 11405, 11431, 11471, 12212, 12311, 12602, 14526, 14648, 14779, 16304, 16602]",c2.cp.biocarta__BIOCARTA_TCR_PATHWAY
c2.cp.biocarta,BIOCARTA_TOLL_PATHWAY,prerank,0.605400695795774,1.7270284165239755,0.008438818565400843,0.04046697767956968,0.438,10_24,10/24,16.50%,RELA;NFKBIA;MAP2K3;ELK1;PPARA;IKBKB;JUN;NFKB1;TLR7;FOS,RELA;NFKBIA;MAP2K3;ELK1;PPARA;IKBKB;JUN;NFKB1;TLR7;FOS;MYD88;MAP3K1;MAPK14;IKBKG;MAP2K6;MAP2K4;TLR3;MAP3K7;EIF2AK2;TRAF6;CHUK;TAB1;PGLYRP1;MAPK8,"[68, 132, 292, 973, 1634, 2341, 2824, 2835, 2886, 2889, 4132, 7054, 7304, 7584, 7672, 8233, 9420, 9639, 11535, 11998, 12017, 13969, 14027, 16304]",c2.cp.biocarta__BIOCARTA_TOLL_PATHWAY
c2.cp.biocarta,BIOCARTA_MHC_PATHWAY,prerank,0.7281718799764392,1.738092850923787,0.006185567010309278,0.0405619342984085,0.407,5_12,5/12,10.04%,HLA-DRB1;CD74;HLA-DRA;HLA-DRB5;TAP1,HLA-DRB1;CD74;HLA-DRA;HLA-DRB5;TAP1;PSMB8;PSMB6;PSMB5;TAP2;HLA-A;PSMB9;B2M,"[784, 1313, 1505, 1667, 1758, 3936, 4299, 5338, 6338, 7039, 8284, 8604]",c2.cp.biocarta__BIOCARTA_MHC_PATHWAY
c2.cp.biocarta,BIOCARTA_CD40_PATHWAY,prerank,0.7371410979824606,1.729967357148439,0.006160164271047228,0.040706209471217884,0.428,6_12,6/12,16.19%,RELA;NFKBIA;CD40;TNFAIP3;IKBKB;NFKB1,RELA;NFKBIA;CD40;TNFAIP3;IKBKB;NFKB1;DUSP1;MAP3K1;IKBKG;TRAF3;TRAF6;CHUK,"[68, 132, 1795, 2189, 2341, 2835, 4446, 7054, 7584, 7749, 11998, 12017]",c2.cp.biocarta__BIOCARTA_CD40_PATHWAY
c2.cp.biocarta,BIOCARTA_NFKB_PATHWAY,prerank,0.6420380924098082,1.729981889569062,0.012244897959183673,0.042271832912418573,0.428,9_20,9/20,16.19%,RELA;NFKBIA;TNFRSF1A;TNFRSF1B;FADD;TNFAIP3;IKBKB;RIPK1;NFKB1,RELA;NFKBIA;TNFRSF1A;TNFRSF1B;FADD;TNFAIP3;IKBKB;RIPK1;NFKB1;TNF;TRADD;MYD88;IL1R1;MAP3K1;IKBKG;MAP3K7;TRAF6;CHUK;IL1A;TAB1,"[68, 132, 390, 720, 2019, 2189, 2341, 2701, 2835, 3515, 4084, 4132, 5151, 7054, 7584, 9639, 11998, 12017, 12614, 13969]",c2.cp.biocarta__BIOCARTA_NFKB_PATHWAY
c2.cp.biocarta,BIOCARTA_IL2RB_PATHWAY,prerank,0.5504717780493765,1.7083917762722993,0.006289308176100629,0.04507768072108734,0.505,16_35,16/35,23.46%,IL2RG;SOCS3;MAPK3;MYC;BCL2;SYK;BAD;PTPN6;FOS;RAF1;CBL;CRKL;AKT1;SOCS1;HRAS;STAT5A,IL2RG;SOCS3;MAPK3;MYC;BCL2;SYK;BAD;PTPN6;FOS;RAF1;CBL;CRKL;AKT1;SOCS1;HRAS;STAT5A;SHC1;STAT5B;IRS1;JAK3;NMI;SOS1;PIK3CG;PIK3CA;CFLAR;E2F1;PPIA;RPS6KB1;JAK1;FAS;IKZF3;GRB2;MAPK1;IL2RB;PIK3R1,"[180, 619, 1114, 1232, 1238, 1267, 2388, 2686, 2889, 3033, 3071, 3142, 3267, 3430, 3976, 4109, 4654, 5095, 5115, 5207, 5763, 5826, 6453, 7105, 7112, 7793, 8248, 8326, 9271, 9493, 10278, 11405, 12772, 14160, 14526]",c2.cp.biocarta__BIOCARTA_IL2RB_PATHWAY
c2.cp.biocarta,BIOCARTA_THELPER_PATHWAY,prerank,0.7405876019803141,1.6937348572233852,0.006289308176100629,0.04985222489038393,0.551,8_11,8/11,22.78%,CD4;ITGB2;ICAM1;CD2;CD247;ITGAL;CD3E;PTPRC,CD4;ITGB2;ICAM1;CD2;CD247;ITGAL;CD3E;PTPRC;THY1;CD3G;CD28,"[204, 902, 1872, 2509, 2564, 2736, 3429, 3989, 6789, 8645, 9793]",c2.cp.biocarta__BIOCARTA_THELPER_PATHWAY
c2.cp.biocarta,BIOCARTA_BLYMPHOCYTE_PATHWAY,prerank,0.7135258186520773,1.6839054792046422,0.008350730688935281,0.05335370838632585,0.578,9_12,9/12,17.78%,FCGR2B;HLA-DRB1;ITGB2;HLA-DRA;HLA-DRB5;CD40;ICAM1;ITGAL;CD80,FCGR2B;HLA-DRB1;ITGB2;HLA-DRA;HLA-DRB5;CD40;ICAM1;ITGAL;CD80;PTPRC;CR1;CR2,"[716, 784, 902, 1505, 1667, 1795, 1872, 2736, 3114, 3989, 4307, 12962]",c2.cp.biocarta__BIOCARTA_BLYMPHOCYTE_PATHWAY
c2.cp.biocarta,BIOCARTA_ALK_PATHWAY,prerank,0.5522943002831585,1.6773132664532726,0.0021413276231263384,0.054648768188090724,0.598,14_33,14/33,17.55%,TGFB1;BMP4;AXIN1;TGFBR3;BMP5;DVL1;TGFB2;TGFB3;NOG;FZD1;BMP7;SMAD4;TGFBR2;HNF1A,TGFB1;BMP4;AXIN1;TGFBR3;BMP5;DVL1;TGFB2;TGFB3;NOG;FZD1;BMP7;SMAD4;TGFBR2;HNF1A;SMAD6;TGFBR1;SMAD5;BMPR1A;CHRD;SMAD1;NPPB;NPPA;ATF2;MAP3K7;APC;BMPR2;BMP2;ACVR1;MEF2C;RFC1;WNT1;GSK3B;CTNNB1,"[386, 730, 877, 894, 925, 1089, 1191, 1861, 1901, 1987, 2039, 2618, 2773, 3074, 3626, 5624, 6234, 6579, 6899, 7143, 7489, 8110, 8136, 9639, 9884, 10005, 10854, 12679, 12683, 14088, 14329, 15613, 16018]",c2.cp.biocarta__BIOCARTA_ALK_PATHWAY
c2.cp.biocarta,BIOCARTA_PRION_PATHWAY,prerank,0.6992929023247352,1.6698606829607399,0.004484304932735426,0.0565323126110223,0.62,5_12,5/12,10.08%,DNAJB1;DNAJB6;BCL2;GFAP;HSPA5,DNAJB1;DNAJB6;BCL2;GFAP;HSPA5;NFE2L2;RPSA;LAMA1;LAMC1;PRNP;APLP1;LAMB1,"[9, 968, 1238, 1409, 1765, 2684, 4210, 6474, 7640, 10924, 11430, 15592]",c2.cp.biocarta__BIOCARTA_PRION_PATHWAY
c2.cp.biocarta,BIOCARTA_CASPASE_PATHWAY,prerank,0.5901270779242102,1.651827356163975,0.015473887814313346,0.0641509250527421,0.664,8_22,8/22,18.88%,CASP7;CASP4;CASP1;LMNB2;BIRC3;CASP6;ARHGDIB;CASP10,CASP7;CASP4;CASP1;LMNB2;BIRC3;CASP6;ARHGDIB;CASP10;PRF1;DFFB;LMNA;CASP2;BIRC2;CASP9;DFFA;GZMB;PARP1;CASP8;LMNB1;XIAP;CASP3;APAF1,"[112, 515, 645, 1800, 1994, 2212, 2833, 3306, 4709, 5280, 5411, 6081, 6219, 6429, 7631, 8826, 9697, 10378, 10489, 11034, 12945, 13773]",c2.cp.biocarta__BIOCARTA_CASPASE_PATHWAY
c2.cp.biocarta,BIOCARTA_CARDIACEGF_PATHWAY,prerank,0.630758869847683,1.6439959041688994,0.014861995753715499,0.06672030433684738,0.685,7_17,7/17,16.50%,RELA;PLCG1;MYC;EGFR;JUN;NFKB1;FOS,RELA;PLCG1;MYC;EGFR;JUN;NFKB1;FOS;HRAS;EGF;EDN1;EDNRB;AGT;RHOA;ADAM12;EDNRA;PRKCA;PRKCB,"[68, 405, 1232, 2347, 2824, 2835, 2889, 3976, 4444, 5566, 5580, 5734, 7817, 8461, 9524, 10873, 14648]",c2.cp.biocarta__BIOCARTA_CARDIACEGF_PATHWAY
c2.cp.biocarta,BIOCARTA_IL17_PATHWAY,prerank,0.6910064707117237,1.638098742370909,0.01859504132231405,0.0680154386101362,0.698,7_11,7/11,19.58%,CD4;CSF3;IL6;CD34;CD2;CD247;CD3E,CD4;CSF3;IL6;CD34;CD2;CD247;CD3E;CD58;CD3G;CD8A;KITLG,"[204, 1776, 2121, 2142, 2509, 2564, 3429, 4213, 8645, 9346, 12483]",c2.cp.biocarta__BIOCARTA_IL17_PATHWAY
c2.cp.biocarta,BIOCARTA_CERAMIDE_PATHWAY,prerank,0.5871389336600464,1.6268323182664672,0.02217741935483871,0.07285103506143958,0.73,11_21,11/21,17.32%,RELA;TNFRSF1A;TRAF2;MAPK3;BCL2;BAX;FADD;BAD;RIPK1;NFKB1;RAF1,RELA;TNFRSF1A;TRAF2;MAPK3;BCL2;BAX;FADD;BAD;RIPK1;NFKB1;RAF1;TRADD;MAP2K1;MAP3K1;MAP2K4;SMPD1;CASP8;MAPK1;AIFM1;MAPK8;NSMAF,"[68, 390, 494, 1114, 1238, 1799, 2019, 2388, 2701, 2835, 3033, 4084, 5701, 7054, 8233, 9914, 10378, 12772, 12943, 16304, 16460]",c2.cp.biocarta__BIOCARTA_CERAMIDE_PATHWAY
c2.cp.biocarta,BIOCARTA_SODD_PATHWAY,prerank,0.7192658441839769,1.6155985404667552,0.01616161616161616,0.0781791092660827,0.765,8_10,8/10,23.32%,TNFRSF1A;TRAF2;TNFRSF1B;BIRC3;FADD;RIPK1;TNF;TRADD,TNFRSF1A;TRAF2;TNFRSF1B;BIRC3;FADD;RIPK1;TNF;TRADD;CASP8;BAG4,"[390, 494, 720, 1994, 2019, 2701, 3515, 4084, 10378, 11230]",c2.cp.biocarta__BIOCARTA_SODD_PATHWAY
c2.cp.biocarta,BIOCARTA_PPARA_PATHWAY,prerank,0.48327810968662677,1.6021068116134694,0.006787330316742082,0.07925765986800996,0.802,11_50,11/50,11.31%,HSPA1A;RELA;NFKBIA;NR1H3;APOA1;RXRA;HSP90AA1;MAPK3;MYC;PPARA;CREBBP,HSPA1A;RELA;NFKBIA;NR1H3;APOA1;RXRA;HSP90AA1;MAPK3;MYC;PPARA;CREBBP;SRA1;JUN;TNF;STAT5A;DUSP1;PRKAR1B;SP1;NCOR2;STAT5B;PIK3CG;PRKAR2B;APOA2;PIK3CA;DUT;EP300;PDGFA;HSD17B4;NCOA1;MRPL11;LPL;RB1;PRKCA;PTGS2;PRKAR2A;NOS2;PPARGC1A;MAPK1;NCOR1;CITED2;ACOX1;NRIP1;ME1;PIK3R1;PRKCB;MED1;EHHADH;FABP1;PRKACB;PRKAR1A,"[2, 68, 132, 444, 666, 710, 876, 1114, 1232, 1634, 1980, 2314, 2824, 3515, 4109, 4446, 4473, 4488, 4578, 5095, 6453, 6764, 7104, 7105, 7170, 7268, 7604, 8387, 8813, 8849, 8940, 9620, 10873, 11182, 11277, 11576, 11622, 12772, 12807, 12866, 13978, 14451, 14484, 14526, 14648, 15302, 15973, 16196, 16466, 16685]",c2.cp.biocarta__BIOCARTA_PPARA_PATHWAY
c2.cp.biocarta,BIOCARTA_RACCYCD_PATHWAY,prerank,0.5464435318913325,1.5965731216800345,0.024640657084188913,0.07940735248801968,0.818,9_26,9/26,18.66%,RELA;NFKBIA;MAPK3;CDK2;CDKN1A;IKBKB;NFKB1;RAF1;AKT1,RELA;NFKBIA;MAPK3;CDK2;CDKN1A;IKBKB;NFKB1;RAF1;AKT1;HRAS;CCNE1;TFDP1;PIK3CA;CDKN1B;IKBKG;E2F1;RHOA;CDK4;RB1;CDK6;RAC1;CHUK;MAPK1;CCND1;PAK1;PIK3R1,"[68, 132, 1114, 1573, 1714, 2341, 2835, 3033, 3267, 3976, 4289, 5705, 7105, 7452, 7584, 7793, 7817, 7822, 9620, 11099, 11471, 12017, 12772, 13673, 14368, 14526]",c2.cp.biocarta__BIOCARTA_RACCYCD_PATHWAY
c2.cp.biocarta,BIOCARTA_HIF_PATHWAY,prerank,0.6234096971678769,1.598983663735216,0.020361990950226245,0.07948874997164403,0.811,5_15,5/15,16.13%,NOS3;HSP90AA1;VEGFA;P4HB;JUN,NOS3;HSP90AA1;VEGFA;P4HB;JUN;EDN1;EP300;HIF1A;ASPH;COPS5;LDHA;EPO;CREB1;ARNT;VHL,"[335, 876, 1439, 1840, 2824, 5566, 7268, 8234, 9020, 9312, 9549, 9692, 10478, 11989, 13393]",c2.cp.biocarta__BIOCARTA_HIF_PATHWAY
c2.cp.biocarta,BIOCARTA_EXTRINSIC_PATHWAY,prerank,0.7125610811851463,1.6026265039790204,0.019067796610169493,0.0807413716270433,0.8,3_10,3/10,4.40%,PROC;SERPINC1;F10,PROC;SERPINC1;F10;TFPI;F2;F2R;PROS1;F5;F3;F7,"[364, 470, 770, 3378, 7524, 7751, 8108, 10833, 11051, 14816]",c2.cp.biocarta__BIOCARTA_EXTRINSIC_PATHWAY
c2.cp.biocarta,BIOCARTA_CDMAC_PATHWAY,prerank,0.6293011345719236,1.6072940396156754,0.02040816326530612,0.08196538998804662,0.789,10_16,10/16,20.07%,RELA;NFKBIA;CUZD1;MAPK3;MYC;JUN;NFKB1;FOS;RAF1;TNF,RELA;NFKBIA;CUZD1;MAPK3;MYC;JUN;NFKB1;FOS;RAF1;TNF;HRAS;MAP2K1;PRKCA;MAPK1;PRKCB;PLCB1,"[68, 132, 534, 1114, 1232, 2824, 2835, 2889, 3033, 3515, 3976, 5701, 10873, 12772, 14648, 14865]",c2.cp.biocarta__BIOCARTA_CDMAC_PATHWAY
c2.cp.biocarta,BIOCARTA_TCYTOTOXIC_PATHWAY,prerank,0.708795547160066,1.6032559269347124,0.010570824524312896,0.08225893143596019,0.798,7_11,7/11,22.78%,ITGB2;ICAM1;CD2;CD247;ITGAL;CD3E;PTPRC,ITGB2;ICAM1;CD2;CD247;ITGAL;CD3E;PTPRC;THY1;CD3G;CD8A;CD28,"[902, 1872, 2509, 2564, 2736, 3429, 3989, 6789, 8645, 9346, 9793]",c2.cp.biocarta__BIOCARTA_TCYTOTOXIC_PATHWAY
c2.cp.biocarta,BIOCARTA_HCMV_PATHWAY,prerank,0.617322443708499,1.586418179798156,0.02771855010660981,0.08432861924390195,0.839,6_17,6/17,18.66%,RELA;MAP2K3;MAPK3;MAP2K2;NFKB1;AKT1,RELA;MAP2K3;MAPK3;MAP2K2;NFKB1;AKT1;SP1;MAP2K1;PIK3CG;MAP3K1;PIK3CA;MAPK14;MAP2K6;RB1;CREB1;MAPK1;PIK3R1,"[68, 292, 1114, 2104, 2835, 3267, 4488, 5701, 6453, 7054, 7105, 7304, 7672, 9620, 10478, 12772, 14526]",c2.cp.biocarta__BIOCARTA_HCMV_PATHWAY
c2.cp.biocarta,BIOCARTA_STEM_PATHWAY,prerank,0.6672226546696316,1.5699578471618885,0.029850746268656716,0.08726223162147154,0.865,5_11,5/11,13.00%,CSF1;CD4;CSF3;IL6;IL9,CSF1;CD4;CSF3;IL6;IL9;IL11;IL4;CD8A;EPO;IL7;IL5,"[137, 204, 1776, 2121, 2276, 8041, 8442, 9346, 9692, 14894, 15390]",c2.cp.biocarta__BIOCARTA_STEM_PATHWAY
c2.cp.biocarta,BIOCARTA_DC_PATHWAY,prerank,0.6562527207709783,1.5703227055826237,0.037444933920704845,0.0887910634946869,0.865,6_13,6/13,16.48%,ANPEP;CD33;CD7;CD40;CD2;TLR7,ANPEP;CD33;CD7;CD40;CD2;TLR7;ITGAX;IL10;CD5;IL13;IL4;IFNA1;IL5,"[149, 1612, 1650, 1795, 2509, 2886, 4130, 6941, 7134, 8159, 8442, 9040, 15390]",c2.cp.biocarta__BIOCARTA_DC_PATHWAY
c2.cp.biocarta,BIOCARTA_INTRINSIC_PATHWAY,prerank,0.5971931676176827,1.570338561226974,0.042682926829268296,0.09060312601498664,0.865,4_19,4/19,5.87%,PROC;SERPINC1;F10;KLKB1,PROC;SERPINC1;F10;KLKB1;COL4A4;SERPING1;F12;F11;F2;F2R;COL4A3;PROS1;COL4A2;KNG1;COL4A1;COL4A6;F5;F8;COL4A5,"[364, 470, 770, 1027, 2709, 3289, 4449, 5199, 7524, 7751, 8021, 8108, 8242, 8499, 9975, 10672, 10833, 13595, 14154]",c2.cp.biocarta__BIOCARTA_INTRINSIC_PATHWAY
c2.cp.biocarta,BIOCARTA_NKCELLS_PATHWAY,prerank,0.5648779469635483,1.5585413352307798,0.03822937625754527,0.0916400120553379,0.883,7_20,7/20,16.23%,LAT;IL18;MAPK3;SYK;KLRD1;PTPN6;VAV1,LAT;IL18;MAPK3;SYK;KLRD1;PTPN6;VAV1;MAP2K1;PTK2B;HLA-A;PIK3CA;KLRC4;KLRC3;KLRC2;B2M;ITGB1;RAC1;PAK1;PIK3R1;KLRC1,"[194, 662, 1114, 1267, 1325, 2686, 2843, 5701, 6883, 7039, 7105, 7921, 8137, 8155, 8604, 11311, 11471, 14368, 14526, 15696]",c2.cp.biocarta__BIOCARTA_NKCELLS_PATHWAY
c2.cp.biocarta,BIOCARTA_MTA3_PATHWAY,prerank,0.5940031051764932,1.5604228269909994,0.03624733475479744,0.09218351185753164,0.883,8_17,8/17,16.29%,HSPB1;HSPB2;MBD3;GREB1;HDAC1;SNAI1;ALDOA;MTA1,HSPB1;HSPB2;MBD3;GREB1;HDAC1;SNAI1;ALDOA;MTA1;CTSD;GAPDH;MTA3;SNAI2;TUBA4A;CDH1;PDZK1;ESR1;TUBA1A,"[3, 298, 818, 2183, 2268, 2526, 2768, 2852, 3494, 4761, 6330, 7384, 8024, 8970, 13107, 16134, 17082]",c2.cp.biocarta__BIOCARTA_MTA3_PATHWAY
c2.cp.biocarta,BIOCARTA_FCER1_PATHWAY,prerank,0.5019511387821589,1.5707763099975351,0.02100840336134454,0.0923296697420741,0.865,15_38,15/38,17.82%,NFATC4;PLCG1;ELK1;MAPK3;SYK;NFATC2;FCER1G;NFATC1;FCER1A;BTK;JUN;VAV1;FOS;RAF1;MAP2K7,NFATC4;PLCG1;ELK1;MAPK3;SYK;NFATC2;FCER1G;NFATC1;FCER1A;BTK;JUN;VAV1;FOS;RAF1;MAP2K7;PPP3CC;HRAS;SHC1;MAP2K1;SOS1;PIK3CG;LYN;MAP3K1;PIK3CA;PAK2;NFATC3;MAP2K4;PLA2G4A;PPP3CA;GRB2;CALM3;CALM2;PPP3CB;MAPK1;PIK3R1;PRKCB;CALM1;MAPK8,"[262, 405, 973, 1114, 1267, 1367, 1513, 1675, 2001, 2617, 2824, 2843, 2889, 3033, 3121, 3642, 3976, 4654, 5701, 5826, 6453, 6930, 7054, 7105, 7446, 7891, 8233, 9214, 11156, 11405, 12212, 12311, 12602, 12772, 14526, 14648, 14779, 16304]",c2.cp.biocarta__BIOCARTA_FCER1_PATHWAY
c2.cp.biocarta,BIOCARTA_COMP_PATHWAY,prerank,0.6036176932062758,1.5408675627374906,0.0367965367965368,0.10242392228411926,0.909,11_17,11/17,16.03%,CFD;C1QA;C1QC;CFB;C1QB;C3;C7;C4B;C4A;C2;C1R,CFD;C1QA;C1QC;CFB;C1QB;C3;C7;C4B;C4A;C2;C1R;C1S;C9;MASP1;C6;MASP2;C5,"[280, 479, 771, 981, 1031, 1102, 1107, 1395, 2614, 2744, 2808, 4215, 5937, 12028, 13010, 16068, 17107]",c2.cp.biocarta__BIOCARTA_COMP_PATHWAY
c2.cp.biocarta,BIOCARTA_RAS_PATHWAY,prerank,0.5454509415104514,1.535226648034511,0.032119914346895075,0.10500234654854086,0.915,10_22,10/22,18.75%,RELA;ELK1;MAPK3;FOXO4;BAD;NFKB1;RAF1;RALGDS;AKT1;RALBP1,RELA;ELK1;MAPK3;FOXO4;BAD;NFKB1;RAF1;RALGDS;AKT1;RALBP1;HRAS;MAP2K1;CASP9;PIK3CG;PIK3CA;RHOA;RALA;RAC1;CHUK;PLD1;PIK3R1;CDC42,"[68, 973, 1114, 1318, 2388, 2835, 3033, 3266, 3267, 3283, 3976, 5701, 6429, 6453, 7105, 7817, 8587, 11471, 12017, 13456, 14526, 16108]",c2.cp.biocarta__BIOCARTA_RAS_PATHWAY
c2.cp.biocarta,BIOCARTA_41BB_PATHWAY,prerank,0.608951862367561,1.5277137016367557,0.045454545454545456,0.10717584265839646,0.927,6_15,6/15,16.19%,RELA;NFKBIA;TRAF2;IKBKB;JUN;NFKB1,RELA;NFKBIA;TRAF2;IKBKB;JUN;NFKB1;MAP3K5;TNFSF9;MAP3K1;MAPK14;ATF2;IL4;CHUK;MAP4K5;MAPK8,"[68, 132, 494, 2341, 2824, 2835, 4419, 4887, 7054, 7304, 8136, 8442, 12017, 14285, 16304]",c2.cp.biocarta__BIOCARTA_41BB_PATHWAY
c2.cp.biocarta,BIOCARTA_CTL_PATHWAY,prerank,0.6760537982179248,1.5280844319414213,0.05399568034557235,0.10884126397717821,0.926,5_11,5/11,19.58%,ITGB2;ICAM1;CD247;ITGAL;CD3E,ITGB2;ICAM1;CD247;ITGAL;CD3E;PRF1;HLA-A;B2M;CD3G;GZMB;FAS,"[902, 1872, 2564, 2736, 3429, 4709, 7039, 8604, 8645, 8826, 9493]",c2.cp.biocarta__BIOCARTA_CTL_PATHWAY
c2.cp.biocarta,BIOCARTA_IL4_PATHWAY,prerank,0.6403416991121614,1.5157447946698164,0.04357298474945534,0.11513585219270706,0.941,4_11,4/11,18.66%,IL2RG;IL4R;STAT6;AKT1,IL2RG;IL4R;STAT6;AKT1;SHC1;IRS1;JAK3;RPS6KB1;IL4;JAK1;GRB2,"[180, 462, 2644, 3267, 4654, 5115, 5207, 8326, 8442, 9271, 11405]",c2.cp.biocarta__BIOCARTA_IL4_PATHWAY
c2.cp.biocarta,BIOCARTA_EGFR_SMRTE_PATHWAY,prerank,0.6393509755438677,1.497224180440471,0.0684326710816777,0.1285114508408005,0.958,7_11,7/11,32.55%,RXRA;THRA;EGFR;EGF;NCOR2;RARA;MAP2K1,RXRA;THRA;EGFR;EGF;NCOR2;RARA;MAP2K1;MAP3K1;ZBTB16;MAPK14;THRB,"[710, 2052, 2347, 4444, 4578, 5072, 5701, 7054, 7188, 7304, 8336]",c2.cp.biocarta__BIOCARTA_EGFR_SMRTE_PATHWAY
c2.cp.biocarta,BIOCARTA_CLASSIC_PATHWAY,prerank,0.6251956299639725,1.4884497070113571,0.07142857142857142,0.13415014728900726,0.968,9_13,9/13,16.03%,C1QA;C1QC;C1QB;C3;C7;C4B;C4A;C2;C1R,C1QA;C1QC;C1QB;C3;C7;C4B;C4A;C2;C1R;C1S;C9;C6;C5,"[479, 771, 1031, 1102, 1107, 1395, 2614, 2744, 2808, 4215, 5937, 13010, 17107]",c2.cp.biocarta__BIOCARTA_CLASSIC_PATHWAY
c2.cp.biocarta,BIOCARTA_AMI_PATHWAY,prerank,0.5820227163427415,1.4833736660784271,0.06846473029045644,0.1358281486402124,0.97,3_16,3/16,4.40%,PROC;SERPINC1;F10,PROC;SERPINC1;F10;COL4A4;TFPI;PLAT;F2;F2R;COL4A3;PROS1;COL4A2;COL4A1;PLG;COL4A6;COL4A5;F7,"[364, 470, 770, 2709, 3378, 5897, 7524, 7751, 8021, 8108, 8242, 9975, 9981, 10672, 14154, 14816]",c2.cp.biocarta__BIOCARTA_AMI_PATHWAY
c2.cp.biocarta,BIOCARTA_CXCR4_PATHWAY,prerank,0.5416197783058244,1.4629918875122534,0.05219206680584551,0.14174567302635824,0.973,8_19,8/19,20.05%,RELA;CXCR4;PLCG1;MAPK3;CRK;NFKB1;RAF1;BCAR1,RELA;CXCR4;PLCG1;MAPK3;CRK;NFKB1;RAF1;BCAR1;HRAS;MAP2K1;PTK2B;PIK3CA;GNAQ;PRKCA;PIK3C2G;MAPK1;PIK3R1;PRKCB;CXCL12,"[68, 77, 405, 1114, 2270, 2835, 3033, 3512, 3976, 5701, 6883, 7105, 10758, 10873, 12690, 12772, 14526, 14648, 15207]",c2.cp.biocarta__BIOCARTA_CXCR4_PATHWAY
c2.cp.biocarta,BIOCARTA_IL3_PATHWAY,prerank,0.5992258768856622,1.4646387315381482,0.059548254620123205,0.1424043518872362,0.973,10_13,10/13,33.26%,MAPK3;PTPN6;FOS;RAF1;HRAS;STAT5A;SHC1;STAT5B;MAP2K1;SOS1,MAPK3;PTPN6;FOS;RAF1;HRAS;STAT5A;SHC1;STAT5B;MAP2K1;SOS1;CSF2RB;JAK2;GRB2,"[1114, 2686, 2889, 3033, 3976, 4109, 4654, 5095, 5701, 5826, 7860, 8889, 11405]",c2.cp.biocarta__BIOCARTA_IL3_PATHWAY
c2.cp.biocarta,BIOCARTA_ERK_PATHWAY,prerank,0.5133449009085286,1.4650203148730314,0.04149377593360996,0.14441204099787086,0.973,10_26,10/26,17.95%,MKNK2;IGF1R;ELK1;MAPK3;MYC;MAP2K2;EGFR;RAF1;NGF;STAT3,MKNK2;IGF1R;ELK1;MAPK3;MYC;MAP2K2;EGFR;RAF1;NGF;STAT3;HRAS;SHC1;GNAS;NGFR;RPS6KA1;MAP2K1;SOS1;DPM2;MKNK1;PDGFRA;ITGB1;GRB2;PPP2CA;MAPK1;PTPRR;RPS6KA5,"[81, 486, 973, 1114, 1232, 2104, 2347, 3033, 3051, 3143, 3976, 4654, 4729, 4970, 5141, 5701, 5826, 6313, 6710, 10418, 11311, 11405, 12732, 12772, 13925, 16291]",c2.cp.biocarta__BIOCARTA_ERK_PATHWAY
c2.cp.biocarta,BIOCARTA_BCR_PATHWAY,prerank,0.48247388117404005,1.4661205761826135,0.030501089324618737,0.14579644163832226,0.973,14_33,14/33,20.80%,NFATC4;PLCG1;ELK1;MAPK3;SYK;NFATC2;NFATC1;BTK;JUN;VAV1;FOS;RAF1;CD79B;PPP3CC,NFATC4;PLCG1;ELK1;MAPK3;SYK;NFATC2;NFATC1;BTK;JUN;VAV1;FOS;RAF1;CD79B;PPP3CC;HRAS;CD79A;SHC1;MAP2K1;SOS1;LYN;MAP3K1;MAPK14;NFATC3;PRKCA;PPP3CA;GRB2;RAC1;CALM3;CALM2;PPP3CB;PRKCB;CALM1;MAPK8,"[262, 405, 973, 1114, 1267, 1367, 1675, 2617, 2824, 2843, 2889, 3033, 3339, 3642, 3976, 4455, 4654, 5701, 5826, 6930, 7054, 7304, 7891, 10873, 11156, 11405, 11471, 12212, 12311, 12602, 14648, 14779, 16304]",c2.cp.biocarta__BIOCARTA_BCR_PATHWAY
c2.cp.biocarta,BIOCARTA_CSK_PATHWAY,prerank,0.5452189586792688,1.4673570276447963,0.053061224489795916,0.14697617690863377,0.973,9_18,9/18,14.64%,CD4;HLA-DRB1;CSK;LCK;HLA-DRA;HLA-DRB5;CREBBP;ZAP70;CD247,CD4;HLA-DRB1;CSK;LCK;HLA-DRA;HLA-DRB5;CREBBP;ZAP70;CD247;CD3E;PTPRC;PRKAR1B;PRKAR2B;CD3G;PRKAR2A;ADCY1;PRKACB;PRKAR1A,"[204, 784, 829, 1019, 1505, 1667, 1980, 2462, 2564, 3429, 3989, 4473, 6764, 8645, 11277, 13767, 16466, 16685]",c2.cp.biocarta__BIOCARTA_CSK_PATHWAY
c2.cp.biocarta,BIOCARTA_MITOCHONDRIA_PATHWAY,prerank,0.5462059750945788,1.4383934758689225,0.064,0.1601499883049497,0.985,6_19,6/19,12.63%,CASP7;BID;BCL2;BAX;BIRC3;CASP6,CASP7;BID;BCL2;BAX;BIRC3;CASP6;DFFB;BIK;BIRC2;CASP9;DFFA;BAK1;ENDOG;CASP8;XIAP;AIFM1;CASP3;APAF1;DIABLO,"[112, 779, 1238, 1799, 1994, 2212, 5280, 5375, 6219, 6429, 7631, 8735, 8993, 10378, 11034, 12943, 12945, 13773, 16448]",c2.cp.biocarta__BIOCARTA_MITOCHONDRIA_PATHWAY
c2.cp.biocarta,BIOCARTA_GCR_PATHWAY,prerank,0.5437900381591817,1.4403871846863727,0.06423982869379015,0.16041768814663399,0.984,4_17,4/17,9.11%,RELA;NOS3;HSP90AA1;ADRB2,RELA;NOS3;HSP90AA1;ADRB2;NFKB1;AKT1;GNAS;ANXA1;PIK3CG;CORIN;PIK3CA;NPPA;CALM3;CALM2;NR3C1;PIK3R1;CALM1,"[68, 335, 876, 1595, 2835, 3267, 4729, 6173, 6453, 7073, 7105, 8110, 12212, 12311, 14123, 14526, 14779]",c2.cp.biocarta__BIOCARTA_GCR_PATHWAY
c2.cp.biocarta,BIOCARTA_LYM_PATHWAY,prerank,0.5918440376773687,1.4095264150722178,0.0968421052631579,0.18661679961213262,0.994,6_11,6/11,15.62%,ICAM2;ITGB2;ICAM1;SELL;CD34;ITGAL,ICAM2;ITGB2;ICAM1;SELL;CD34;ITGAL;MADCAM1;ITGB1;VCAM1;IL1A;ITGA4,"[814, 902, 1872, 2053, 2142, 2736, 8757, 11311, 11751, 12614, 15698]",c2.cp.biocarta__BIOCARTA_LYM_PATHWAY
c2.cp.biocarta,BIOCARTA_ETS_PATHWAY,prerank,0.5467394634438476,1.404802867657381,0.08137044967880086,0.18836743225469538,0.994,10_17,10/17,27.73%,CSF1;E2F4;CSF1R;JUN;FOS;ETS1;HRAS;NCOR2;HDAC5;SIN3B,CSF1;E2F4;CSF1R;JUN;FOS;ETS1;HRAS;NCOR2;HDAC5;SIN3B;RBL1;E2F1;ETS2;DDX20;HDAC2;ETV3;SIN3A,"[137, 229, 1549, 2824, 2889, 3821, 3976, 4578, 4646, 4857, 5706, 7793, 7937, 8472, 9498, 14186, 15543]",c2.cp.biocarta__BIOCARTA_ETS_PATHWAY
c2.cp.biocarta,BIOCARTA_PML_PATHWAY,prerank,0.5486877717109818,1.396954556516493,0.09333333333333334,0.19516337762524358,0.996,10_16,10/16,22.83%,TNFRSF1A;DAXX;TNFRSF1B;PML;CREBBP;PRAM1;SP100;TNF;HRAS;SIRT1,TNFRSF1A;DAXX;TNFRSF1B;PML;CREBBP;PRAM1;SP100;TNF;HRAS;SIRT1;RARA;SUMO1;TP53;FAS;RB1;PAX3,"[390, 554, 720, 985, 1980, 2024, 3363, 3515, 3976, 3998, 5072, 7337, 8693, 9493, 9620, 17350]",c2.cp.biocarta__BIOCARTA_PML_PATHWAY
c2.cp.biocarta,BIOCARTA_EPO_PATHWAY,prerank,0.5123848680306647,1.3943954992792467,0.08704453441295547,0.19541556888556177,0.996,8_19,8/19,17.32%,EPOR;PLCG1;ELK1;MAPK3;PTPN6;JUN;FOS;RAF1,EPOR;PLCG1;ELK1;MAPK3;PTPN6;JUN;FOS;RAF1;HRAS;STAT5A;SHC1;STAT5B;MAP2K1;SOS1;JAK2;EPO;GRB2;MAPK8;CSNK2A1,"[45, 405, 973, 1114, 2686, 2824, 2889, 3033, 3976, 4109, 4654, 5095, 5701, 5826, 8889, 9692, 11405, 16304, 16833]",c2.cp.biocarta__BIOCARTA_EPO_PATHWAY
c2.cp.biocarta,BIOCARTA_CTCF_PATHWAY,prerank,0.4929042420436464,1.3894882988813526,0.07096774193548387,0.19589950346617238,0.996,11_24,11/24,25.44%,TGFB1;TGFBR3;TGFB2;MYC;TGFB3;SMAD4;TGFBR2;CD79B;CDKN2A;CTCF;CD79A,TGFB1;TGFBR3;TGFB2;MYC;TGFB3;SMAD4;TGFBR2;CD79B;CDKN2A;CTCF;CD79A;TGFBR1;SMAD5;PIK3CG;PIK3CA;SMAD1;CDKN1B;RPS6KB1;TP53;PTEN;PPP2CA;MTOR;PIK3R1;MDM2,"[386, 894, 1191, 1232, 1861, 2618, 2773, 3339, 3605, 4074, 4455, 5624, 6234, 6453, 7105, 7143, 7452, 8326, 8693, 10528, 12732, 13065, 14526, 15285]",c2.cp.biocarta__BIOCARTA_CTCF_PATHWAY
c2.cp.biocarta,BIOCARTA_IL7_PATHWAY,prerank,0.5317799824914632,1.3900021856988658,0.08558558558558559,0.19801132205584795,0.996,5_16,5/16,12.74%,LCK;FYN;BCL2;CREBBP;IL7R,LCK;FYN;BCL2;CREBBP;IL7R;STAT5A;STAT5B;JAK3;NMI;PIK3CG;PTK2B;PIK3CA;EP300;JAK1;PIK3R1;IL7,"[1019, 1046, 1238, 1980, 2230, 4109, 5095, 5207, 5763, 6453, 6883, 7105, 7268, 9271, 14526, 14894]",c2.cp.biocarta__BIOCARTA_IL7_PATHWAY
c2.cp.biocarta,BIOCARTA_CALCINEURIN_PATHWAY,prerank,0.5314222665341175,1.3848494755643135,0.07956989247311828,0.19850202704673386,0.996,5_18,5/18,9.79%,NFATC4;PLCG1;NFATC2;NFATC1;CDKN1A,NFATC4;PLCG1;NFATC2;NFATC1;CDKN1A;PPP3CC;SP1;NFATC3;MARCKS;SP3;GNAQ;PRKCA;PPP3CA;CALM3;CALM2;PPP3CB;PRKCB;CALM1,"[262, 405, 1367, 1675, 1714, 3642, 4488, 7891, 9000, 10351, 10758, 10873, 11156, 12212, 12311, 12602, 14648, 14779]",c2.cp.biocarta__BIOCARTA_CALCINEURIN_PATHWAY
c2.cp.biocarta,BIOCARTA_CTLA4_PATHWAY,prerank,0.5368314869323471,1.3815516013666487,0.09698275862068965,0.19949025774169138,0.997,8_17,8/17,19.58%,HLA-DRB1;LCK;HLA-DRA;CD86;HLA-DRB5;CD247;CD80;CD3E,HLA-DRB1;LCK;HLA-DRA;CD86;HLA-DRB5;CD247;CD80;CD3E;ITK;PIK3CA;CD3G;CTLA4;CD28;ICOSLG;GRB2;PIK3R1;PTPN11,"[784, 1019, 1505, 1574, 1667, 2564, 3114, 3429, 5489, 7105, 8645, 8921, 9793, 10255, 11405, 14526, 16007]",c2.cp.biocarta__BIOCARTA_CTLA4_PATHWAY
c2.cp.biocarta,BIOCARTA_HES_PATHWAY,prerank,0.5825649576225226,1.3626740779177133,0.1222707423580786,0.2146093195539525,0.998,8_12,8/12,19.32%,HES7;DVL1;FZD1;NOTCH2;DLL1;NOTCH1;HNF1A;HES1,HES7;DVL1;FZD1;NOTCH2;DLL1;NOTCH1;HNF1A;HES1;HEY2;RBPJ;WNT1;GSK3B,"[275, 1089, 1987, 2279, 2363, 2437, 3074, 3383, 5306, 12114, 14329, 15613]",c2.cp.biocarta__BIOCARTA_HES_PATHWAY
c2.cp.biocarta,BIOCARTA_RANKL_PATHWAY,prerank,0.5674640646014266,1.3628632607554023,0.14081632653061224,0.2171354734377902,0.998,6_12,6/12,16.50%,RELA;FOSL2;FOSL1;IRF9;NFKB1;FOS,RELA;FOSL2;FOSL1;IRF9;NFKB1;FOS;IFNAR2;IFNAR1;TNFRSF11A;EIF2AK2;TRAF6;MAPK8,"[68, 2063, 2188, 2767, 2835, 2889, 9792, 10611, 11457, 11535, 11998, 16304]",c2.cp.biocarta__BIOCARTA_RANKL_PATHWAY
c2.cp.biocarta,BIOCARTA_TALL1_PATHWAY,prerank,0.563137305386735,1.3492509252931126,0.13778705636743216,0.22709642707400485,0.998,3_13,3/13,7.47%,RELA;TRAF2;TNFSF12,RELA;TRAF2;TNFSF12;NFKB1;TNFSF13B;TNFSF13;TNFRSF17;MAPK14;TRAF3;TNFRSF13C;TRAF6;CHUK;MAPK8,"[68, 494, 1308, 2835, 3536, 5347, 5623, 7304, 7749, 10364, 11998, 12017, 16304]",c2.cp.biocarta__BIOCARTA_TALL1_PATHWAY
c2.cp.biocarta,BIOCARTA_GSK3_PATHWAY,prerank,0.4938199093250696,1.3449899187576735,0.09937888198757763,0.22935887963134,0.998,7_20,7/20,11.35%,RELA;AXIN1;DVL1;LBP;LEF1;GJA1;FZD1,RELA;AXIN1;DVL1;LBP;LEF1;GJA1;FZD1;NFKB1;AKT1;MYD88;PIK3CA;APC;PDPK1;EIF2AK2;PPP2CA;CCND1;WNT1;PIK3R1;GSK3B;CTNNB1,"[68, 877, 1089, 1099, 1377, 1579, 1987, 2835, 3267, 4132, 7105, 9884, 10975, 11535, 12732, 13673, 14329, 14526, 15613, 16018]",c2.cp.biocarta__BIOCARTA_GSK3_PATHWAY
c2.cp.biocarta,BIOCARTA_RANMS_PATHWAY,prerank,0.6040515624522319,1.3409704973381815,0.1346153846153846,0.2309356965828446,0.999,2_10,2/10,9.96%,RCC1;RANGAP1,RCC1;RANGAP1;KIF15;TPX2;RAN;NUMA1;AURKA;KPNA2;RANBP1;KPNB1,"[13, 1743, 4218, 8870, 8903, 9366, 10139, 13366, 14228, 14483]",c2.cp.biocarta__BIOCARTA_RANMS_PATHWAY
c2.cp.biocarta,BIOCARTA_GRANULOCYTES_PATHWAY,prerank,0.5542812843234121,1.3167484715423456,0.14222222222222222,0.25890355705975904,0.999,8_12,8/12,15.62%,ICAM2;ITGB2;ITGAM;CSF3;ICAM1;SELL;SELPLG;ITGAL,ICAM2;ITGB2;ITGAM;CSF3;ICAM1;SELL;SELPLG;ITGAL;TNF;IL1A;SELP;C5,"[814, 902, 1487, 1776, 1872, 2053, 2361, 2736, 3515, 12614, 13476, 17107]",c2.cp.biocarta__BIOCARTA_GRANULOCYTES_PATHWAY
c2.cp.biocarta,BIOCARTA_GH_PATHWAY,prerank,0.4578963846225066,1.31102538222523,0.12195121951219512,0.26302903600518995,0.999,15_26,15/26,29.46%,PLCG1;MAPK3;SLC2A4;PTPN6;RAF1;INSR;HNF1A;SOCS1;HRAS;STAT5A;SHC1;STAT5B;IRS1;RPS6KA1;SRF,PLCG1;MAPK3;SLC2A4;PTPN6;RAF1;INSR;HNF1A;SOCS1;HRAS;STAT5A;SHC1;STAT5B;IRS1;RPS6KA1;SRF;MAP2K1;SOS1;PIK3CG;PIK3CA;GHR;JAK2;PRKCA;GRB2;MAPK1;PIK3R1;PRKCB,"[405, 1114, 1904, 2686, 3033, 3052, 3074, 3430, 3976, 4109, 4654, 5095, 5115, 5141, 5159, 5701, 5826, 6453, 7105, 7202, 8889, 10873, 11405, 12772, 14526, 14648]",c2.cp.biocarta__BIOCARTA_GH_PATHWAY
c2.cp.biocarta,BIOCARTA_NO2IL12_PATHWAY,prerank,0.539940230887786,1.2972250793344937,0.1740041928721174,0.27752728075743077,0.999,5_12,5/12,19.58%,CD4;TYK2;CD2;CD247;CD3E,CD4;TYK2;CD2;CD247;CD3E;CCR5;CD3G;JAK2;NOS2;STAT4;IL12RB1;IL12RB2,"[204, 1122, 2509, 2564, 3429, 4246, 8645, 8889, 11576, 11706, 12365, 13865]",c2.cp.biocarta__BIOCARTA_NO2IL12_PATHWAY
c2.cp.biocarta,BIOCARTA_IL6_PATHWAY,prerank,0.4681019696191412,1.2813668425502873,0.15570175438596492,0.29508516226953746,0.999,9_21,9/21,17.95%,CEBPB;ELK1;MAPK3;IL6R;IL6;JUN;FOS;RAF1;STAT3,CEBPB;ELK1;MAPK3;IL6R;IL6;JUN;FOS;RAF1;STAT3;HRAS;SHC1;SRF;JAK3;IL6ST;MAP2K1;SOS1;JAK2;JAK1;GRB2;PTPN11;CSNK2A1,"[311, 973, 1114, 2017, 2121, 2824, 2889, 3033, 3143, 3976, 4654, 5159, 5207, 5448, 5701, 5826, 8889, 9271, 11405, 16007, 16833]",c2.cp.biocarta__BIOCARTA_IL6_PATHWAY
c2.cp.biocarta,BIOCARTA_VEGF_PATHWAY,prerank,0.43253466614298836,1.261245165096524,0.16738197424892703,0.3196761563639726,0.999,6_27,6/27,9.62%,NOS3;PLCG1;FLT4;VEGFA;FLT1;EIF2B5,NOS3;PLCG1;FLT4;VEGFA;FLT1;EIF2B5;EIF2B4;HRAS;EIF2S2;EIF1;SHC1;EIF2B2;PIK3CG;PIK3CA;ELAVL1;HIF1A;KDR;EIF2S3;PRKCA;ARNT;EIF2B1;VHL;PIK3R1;PRKCB;EIF2S1;EIF2B3;EIF1AX,"[335, 405, 525, 1439, 1534, 1685, 3656, 3976, 4201, 4426, 4654, 4808, 6453, 7105, 8106, 8234, 10163, 10791, 10873, 11989, 13180, 13393, 14526, 14648, 14673, 14732, 15362]",c2.cp.biocarta__BIOCARTA_VEGF_PATHWAY
c2.cp.biocarta,BIOCARTA_ERYTH_PATHWAY,prerank,0.5008949632566282,1.2409657844729634,0.18565400843881857,0.34626041474251157,1.0,6_13,6/13,13.00%,TGFB1;TGFB2;CSF3;TGFB3;IL6;IL9,TGFB1;TGFB2;CSF3;TGFB3;IL6;IL9;CCL3;IL11;EPO;KITLG;IL1A;IGF1;FLT3,"[386, 1191, 1776, 1861, 2121, 2276, 7600, 8041, 9692, 12483, 12614, 15473, 17194]",c2.cp.biocarta__BIOCARTA_ERYTH_PATHWAY
c2.cp.biocarta,BIOCARTA_NPC_PATHWAY,prerank,0.5392018771175665,1.2278713721746437,0.24476987447698745,0.36261433347857486,1.0,3_11,3/11,9.96%,RCC1;NUP62;RANGAP1,RCC1;NUP62;RANGAP1;RANBP2;RAN;NUP214;NUP210;KPNA2;KPNB1;NUTF2;NUP153,"[13, 1525, 1743, 8103, 8903, 10878, 11712, 13366, 14483, 15945, 16065]",c2.cp.biocarta__BIOCARTA_NPC_PATHWAY
c2.cp.biocarta,BIOCARTA_IL2_PATHWAY,prerank,0.4513582574297211,1.219882946197077,0.2113289760348584,0.37078487830673845,1.0,8_20,8/20,17.32%,IL2RG;ELK1;LCK;MAPK3;SYK;JUN;FOS;RAF1,IL2RG;ELK1;LCK;MAPK3;SYK;JUN;FOS;RAF1;HRAS;STAT5A;SHC1;STAT5B;JAK3;MAP2K1;SOS1;JAK1;GRB2;IL2RB;MAPK8;CSNK2A1,"[180, 973, 1019, 1114, 1267, 2824, 2889, 3033, 3976, 4109, 4654, 5095, 5207, 5701, 5826, 9271, 11405, 14160, 16304, 16833]",c2.cp.biocarta__BIOCARTA_IL2_PATHWAY
c2.cp.biocarta,BIOCARTA_WNT_PATHWAY,prerank,0.42371511217017177,1.1965183080626718,0.22633744855967078,0.40029565705491005,1.0,11_24,11/24,17.55%,TLE1;AXIN1;DVL1;MYC;FRAT1;CTBP1;CREBBP;FZD1;HDAC1;SMAD4;HNF1A,TLE1;AXIN1;DVL1;MYC;FRAT1;CTBP1;CREBBP;FZD1;HDAC1;SMAD4;HNF1A;PPARD;MAP3K7;APC;WIF1;BTRC;PPP2CA;NLK;CCND1;TAB1;WNT1;GSK3B;CTNNB1;CSNK2A1,"[542, 877, 1089, 1232, 1279, 1410, 1980, 1987, 2268, 2618, 3074, 3681, 9639, 9884, 10133, 12697, 12732, 13369, 13673, 13969, 14329, 15613, 16018, 16833]",c2.cp.biocarta__BIOCARTA_WNT_PATHWAY
c2.cp.biocarta,BIOCARTA_MONOCYTE_PATHWAY,prerank,0.5283712647464041,1.1986518868894445,0.24152542372881355,0.40101627794683337,1.0,5_10,5/10,15.62%,ITGB2;ITGAM;ICAM1;SELL;ITGAL,ITGB2;ITGAM;ICAM1;SELL;ITGAL;CD44;SELE;ITGB1;SELP;ITGA4,"[902, 1487, 1872, 2053, 2736, 5731, 11222, 11311, 13476, 15698]",c2.cp.biocarta__BIOCARTA_MONOCYTE_PATHWAY
c2.cp.biocarta,BIOCARTA_VIP_PATHWAY,prerank,0.4290376720786405,1.183536447250307,0.2402745995423341,0.4113837012709851,1.0,6_25,6/25,9.57%,RELA;NFKBIA;PLCG1;MYC;NFATC2;NFATC1,RELA;NFKBIA;PLCG1;MYC;NFATC2;NFATC1;NFKB1;PPP3CC;PRKAR1B;PRKAR2B;MAP3K1;VIPR2;GNAQ;PPP3CA;PRKAR2A;CHUK;CALM3;CALM2;PPP3CB;VIP;CALM1;EGR3;PRKACB;PRKAR1A;EGR2,"[68, 132, 405, 1232, 1367, 1675, 2835, 3642, 4473, 6764, 7054, 9694, 10758, 11156, 11277, 12017, 12212, 12311, 12602, 12940, 14779, 15206, 16466, 16685, 16961]",c2.cp.biocarta__BIOCARTA_VIP_PATHWAY
c2.cp.biocarta,BIOCARTA_BCELLSURVIVAL_PATHWAY,prerank,0.4698879058096792,1.1854920928948967,0.24152542372881355,0.41273004792969015,1.0,7_15,7/15,24.69%,CASP7;JUND;FOS;CCT4;AKT1;DPF2;BIRC5,CASP7;JUND;FOS;CCT4;AKT1;DPF2;BIRC5;ZBTB7A;PIK3CG;PIK3CA;XIAP;ITGB1;CASP3;MTOR;PIK3R1,"[112, 2470, 2889, 3049, 3267, 3954, 4324, 6178, 6453, 7105, 11034, 11311, 12945, 13065, 14526]",c2.cp.biocarta__BIOCARTA_BCELLSURVIVAL_PATHWAY
c2.cp.biocarta,BIOCARTA_CELLCYCLE_PATHWAY,prerank,0.41210925422866435,1.176763511448586,0.23427331887201736,0.4173181299829368,1.0,4_23,4/23,9.79%,CCND3;CDKN2C;CDK2;CDKN1A,CCND3;CDKN2C;CDK2;CDKN1A;CDKN2A;CDKN2B;CCNE1;CDC25A;TFDP1;RBL1;CDKN2D;CDKN1B;E2F1;CDK4;CCNB1;CDK1;RB1;CDK7;CCNA1;CDK6;CCND2;CCND1;CCNH,"[223, 960, 1573, 1714, 3605, 3838, 4289, 5226, 5705, 5706, 6003, 7452, 7793, 7822, 8226, 8376, 9620, 10485, 10863, 11099, 12887, 13673, 17029]",c2.cp.biocarta__BIOCARTA_CELLCYCLE_PATHWAY
c2.cp.biocarta,BIOCARTA_CHEMICAL_PATHWAY,prerank,0.44352359320263557,1.1734086879022485,0.23255813953488372,0.418457663812649,1.0,8_18,8/18,20.36%,CASP7;BID;BCL2;BAX;CASP6;BAD;AKT1;TLN1,CASP7;BID;BCL2;BAX;CASP6;BAD;AKT1;TLN1;CASP9;TP53;PARP1;PRKCA;ATM;CASP3;APAF1;PRKCB;EIF2S1;STAT1,"[112, 779, 1238, 1799, 2212, 2388, 3267, 3565, 6429, 8693, 9697, 10873, 11270, 12945, 13773, 14648, 14673, 16938]",c2.cp.biocarta__BIOCARTA_CHEMICAL_PATHWAY
c2.cp.biocarta,BIOCARTA_CYTOKINE_PATHWAY,prerank,0.4778083951053909,1.164150402965059,0.2802547770700637,0.42987882684062656,1.0,4_13,4/13,13.00%,TXLNA;IL18;IL6;IL9,TXLNA;IL18;IL6;IL9;TNF;IL15;IL10;IL13;IL4;IFNA1;IL1A;IL5;IL16,"[558, 662, 2121, 2276, 3515, 4728, 6941, 8159, 8442, 9040, 12614, 15390, 15497]",c2.cp.biocarta__BIOCARTA_CYTOKINE_PATHWAY
c2.cp.biocarta,BIOCARTA_ECM_PATHWAY,prerank,0.4274720930973542,1.1477225018038095,0.24740124740124741,0.4518054592399184,1.0,11_18,11/18,34.30%,FYN;MAPK3;RAF1;TLN1;ARHGAP5;HRAS;SHC1;DIAPH1;PFN1;MAP2K1;GSN,FYN;MAPK3;RAF1;TLN1;ARHGAP5;HRAS;SHC1;DIAPH1;PFN1;MAP2K1;GSN;PIK3CG;ROCK1;PIK3CA;RHOA;ITGB1;MAPK1;PIK3R1,"[1046, 1114, 3033, 3565, 3679, 3976, 4654, 5025, 5360, 5701, 6007, 6453, 6585, 7105, 7817, 11311, 12772, 14526]",c2.cp.biocarta__BIOCARTA_ECM_PATHWAY
c2.cp.biocarta,BIOCARTA_PITX2_PATHWAY,prerank,0.4508491263028911,1.142615047701189,0.2936170212765957,0.45563403517912676,1.0,6_15,6/15,12.95%,AXIN1;DVL1;LEF1;CREBBP;FZD1;HDAC1,AXIN1;DVL1;LEF1;CREBBP;FZD1;HDAC1;EP300;APC;KAT5;TRRAP;LDB1;WNT1;MED1;GSK3B;CTNNB1,"[877, 1089, 1377, 1980, 1987, 2268, 7268, 9884, 10458, 10855, 11461, 14329, 15302, 15613, 16018]",c2.cp.biocarta__BIOCARTA_PITX2_PATHWAY
c2.cp.biocarta,BIOCARTA_ATM_PATHWAY,prerank,0.4118751469373606,1.118024890062844,0.31333333333333335,0.4666124083870708,1.0,3_19,3/19,3.32%,RELA;NFKBIA;CHEK2,RELA;NFKBIA;CHEK2;CDKN1A;JUN;NFKB1;ABL1;RAD51;GADD45A;BRCA1;TP53;ATM;RBBP8;CHEK1;MDM2;TP73;RAD50;MAPK8;NBN,"[68, 132, 581, 1714, 2824, 2835, 6593, 6595, 6740, 8479, 8693, 11270, 14125, 14334, 15285, 16047, 16167, 16304, 16435]",c2.cp.biocarta__BIOCARTA_ATM_PATHWAY
c2.cp.biocarta,BIOCARTA_SKP2E2F_PATHWAY,prerank,0.49082360984098994,1.123116454239178,0.32142857142857145,0.4669833159296113,1.0,2_10,2/10,8.99%,CDC34;CDK2,CDC34;CDK2;CCNE1;TFDP1;CUL1;E2F1;RB1;CCNA1;SKP2;SKP1,"[1309, 1573, 4289, 5705, 7681, 7793, 9620, 10863, 11550, 12689]",c2.cp.biocarta__BIOCARTA_SKP2E2F_PATHWAY
c2.cp.biocarta,BIOCARTA_GPCR_PATHWAY,prerank,0.38201525526321256,1.1240050651593376,0.2841648590021692,0.4698339188483607,1.0,9_29,9/29,17.32%,NFATC4;PLCG1;ELK1;MAPK3;NFATC2;NFATC1;JUN;FOS;RAF1,NFATC4;PLCG1;ELK1;MAPK3;NFATC2;NFATC1;JUN;FOS;RAF1;PPP3CC;HRAS;PRKAR1B;MAP2K1;PRKAR2B;NFATC3;RPS6KA3;CREB1;GNAQ;PRKCA;PPP3CA;PRKAR2A;CALM3;CALM2;PPP3CB;ADCY1;PRKCB;CALM1;PRKACB;PRKAR1A,"[262, 405, 973, 1114, 1367, 1675, 2824, 2889, 3033, 3642, 3976, 4473, 5701, 6764, 7891, 9363, 10478, 10758, 10873, 11156, 11277, 12212, 12311, 12602, 13767, 14648, 14779, 16466, 16685]",c2.cp.biocarta__BIOCARTA_GPCR_PATHWAY
c2.cp.biocarta,BIOCARTA_SPPA_PATHWAY,prerank,0.4352235618731533,1.1180271227361613,0.31485148514851485,0.4710990661600234,1.0,5_16,5/16,17.32%,MAPK3;SYK;TBXAS1;F2RL3;RAF1,MAPK3;SYK;TBXAS1;F2RL3;RAF1;HRAS;MAP2K1;PTGS1;F2;F2R;PLA2G4A;PRKCA;ITGB1;MAPK1;PRKCB;PLCB1,"[1114, 1267, 1346, 2216, 3033, 3976, 5701, 6934, 7524, 7751, 9214, 10873, 11311, 12772, 14648, 14865]",c2.cp.biocarta__BIOCARTA_SPPA_PATHWAY
c2.cp.biocarta,BIOCARTA_IL10_PATHWAY,prerank,0.4556302908357819,1.1248166579733085,0.3168103448275862,0.47303176442922584,1.0,8_13,8/13,26.56%,HMOX1;IL10RB;IL6;IL10RA;STAT3;TNF;STAT5A;BLVRB,HMOX1;IL10RB;IL6;IL10RA;STAT3;TNF;STAT5A;BLVRB;IL10;BLVRA;JAK1;IL1A;STAT1,"[693, 1462, 2121, 2448, 3143, 3515, 4109, 4651, 6941, 8357, 9271, 12614, 16938]",c2.cp.biocarta__BIOCARTA_IL10_PATHWAY
c2.cp.biocarta,BIOCARTA_D4GDI_PATHWAY,prerank,0.4733830268036581,1.1258484061114662,0.3170731707317073,0.4757525350236732,1.0,5_12,5/12,21.01%,CASP1;JUN;ARHGDIB;CASP10;ARHGAP5,CASP1;JUN;ARHGDIB;CASP10;ARHGAP5;PRF1;CASP9;GZMB;PARP1;CASP8;CASP3;APAF1,"[645, 2824, 2833, 3306, 3679, 4709, 6429, 8826, 9697, 10378, 12945, 13773]",c2.cp.biocarta__BIOCARTA_D4GDI_PATHWAY
c2.cp.biocarta,BIOCARTA_P53_PATHWAY,prerank,0.43490847954740713,1.1277869663731688,0.29067245119305857,0.4768731658843366,1.0,5_16,5/16,17.24%,BCL2;CDK2;CDKN1A;BAX;TIMP3,BCL2;CDK2;CDKN1A;BAX;TIMP3;CCNE1;PCNA;GADD45A;E2F1;CDK4;TP53;RB1;ATM;CCND1;APAF1;MDM2,"[1238, 1573, 1714, 1799, 3019, 4289, 6282, 6740, 7793, 7822, 8693, 9620, 11270, 13673, 13773, 15285]",c2.cp.biocarta__BIOCARTA_P53_PATHWAY
c2.cp.biocarta,BIOCARTA_ERK5_PATHWAY,prerank,0.44400162768595414,1.0936843395542533,0.35135135135135137,0.5034075773631865,1.0,7_14,7/14,29.35%,PLCG1;MAPK3;AKT1;MAPK7;HRAS;SHC1;RPS6KA1,PLCG1;MAPK3;AKT1;MAPK7;HRAS;SHC1;RPS6KA1;PIK3CG;PIK3CA;NTRK1;CREB1;GRB2;MAPK1;PIK3R1,"[405, 1114, 3267, 3561, 3976, 4654, 5141, 6453, 7105, 9253, 10478, 11405, 12772, 14526]",c2.cp.biocarta__BIOCARTA_ERK5_PATHWAY
c2.cp.biocarta,BIOCARTA_TNFR1_PATHWAY,prerank,0.36934644873495825,1.0836974669260249,0.3166332665330661,0.5164145855050827,1.0,7_29,7/29,16.18%,TNFRSF1A;TRAF2;LMNB2;FADD;RIPK1;JUN;ARHGDIB,TNFRSF1A;TRAF2;LMNB2;FADD;RIPK1;JUN;ARHGDIB;TNF;TRADD;DFFB;LMNA;CASP2;MAP3K1;PAK2;DFFA;SPTAN1;MAP2K4;RB1;MAP3K7;CRADD;PARP1;CASP8;LMNB1;MADD;BAG4;CASP3;PAK1;MAPK8;PRKDC,"[390, 494, 1800, 2019, 2701, 2824, 2833, 3515, 4084, 5280, 5411, 6081, 7054, 7446, 7631, 8037, 8233, 9620, 9639, 9669, 9697, 10378, 10489, 10705, 11230, 12945, 14368, 16304, 16539]",c2.cp.biocarta__BIOCARTA_TNFR1_PATHWAY
c2.cp.biocarta,BIOCARTA_MET_PATHWAY,prerank,0.35899033773831984,1.0797242277065158,0.35232067510548526,0.5183743981783046,1.0,13_33,13/33,19.63%,HGF;ELK1;MAP4K1;MAPK3;MAP2K2;CRK;JUN;ACTA1;FOS;RAF1;CRKL;STAT3;RAPGEF1,HGF;ELK1;MAP4K1;MAPK3;MAP2K2;CRK;JUN;ACTA1;FOS;RAF1;CRKL;STAT3;RAPGEF1;HRAS;RAP1A;DOCK1;MAP2K1;SOS1;PIK3CG;GAB1;PTK2B;PIK3CA;PTEN;ITGB1;GRB2;MAPK1;RAP1B;MET;PAK1;PIK3R1;PTPN11;MAPK8;RASA1,"[893, 973, 993, 1114, 2104, 2270, 2824, 2840, 2889, 3033, 3142, 3143, 3438, 3976, 5616, 5632, 5701, 5826, 6453, 6503, 6883, 7105, 10528, 11311, 11405, 12772, 12892, 13901, 14368, 14526, 16007, 16304, 16602]",c2.cp.biocarta__BIOCARTA_MET_PATHWAY
c2.cp.biocarta,BIOCARTA_CCR5_PATHWAY,prerank,0.41400414873899705,1.0764195534408998,0.3618843683083512,0.5195040757227918,1.0,5_17,5/17,16.50%,CXCR4;PLCG1;CCL2;JUN;FOS,CXCR4;PLCG1;CCL2;JUN;FOS;CCR5;PTK2B;MAPK14;CCL4;GNAQ;PRKCA;CALM3;CALM2;PRKCB;CALM1;CXCL12;MAPK8,"[77, 405, 1826, 2824, 2889, 4246, 6883, 7304, 9267, 10758, 10873, 12212, 12311, 14648, 14779, 15207, 16304]",c2.cp.biocarta__BIOCARTA_CCR5_PATHWAY
c2.cp.biocarta,BIOCARTA_IGF1MTOR_PATHWAY,prerank,0.3987526042146431,1.0661946396633935,0.3771551724137931,0.5333450292501032,1.0,3_19,3/19,2.78%,INPPL1;EIF4EBP1;IGF1R,INPPL1;EIF4EBP1;IGF1R;EIF2B5;AKT1;EIF2S2;PIK3CA;RPS6KB1;PTEN;EIF2S3;PDPK1;PDK2;PPP2CA;MTOR;PIK3R1;EIF2S1;IGF1;GSK3B;EIF4E,"[157, 455, 486, 1685, 3267, 4201, 7105, 8326, 10528, 10791, 10975, 11759, 12732, 13065, 14526, 14673, 15473, 15613, 16760]",c2.cp.biocarta__BIOCARTA_IGF1MTOR_PATHWAY
c2.cp.biocarta,BIOCARTA_FAS_PATHWAY,prerank,0.36343882815933454,1.0564971795833005,0.36186770428015563,0.5417909989125197,1.0,8_29,8/29,18.88%,CASP7;DAXX;LMNB2;FADD;CASP6;JUN;ARHGDIB;CASP10,CASP7;DAXX;LMNB2;FADD;CASP6;JUN;ARHGDIB;CASP10;RIPK2;DFFB;LMNA;MAP3K1;CFLAR;PAK2;DFFA;SPTAN1;MAP2K4;FAS;RB1;MAP3K7;PARP1;CASP8;LMNB1;PTPN13;CASP3;PAK1;MAPK8;PRKDC;FAF1,"[112, 554, 1800, 2019, 2212, 2824, 2833, 3306, 4056, 5280, 5411, 7054, 7112, 7446, 7631, 8037, 8233, 9493, 9620, 9639, 9697, 10378, 10489, 10575, 12945, 14368, 16304, 16539, 16719]",c2.cp.biocarta__BIOCARTA_FAS_PATHWAY
c2.cp.biocarta,BIOCARTA_MCALPAIN_PATHWAY,prerank,0.4252682557592344,1.0588475313845542,0.379746835443038,0.5424105893583528,1.0,9_15,9/15,25.54%,CAPN2;EZR;EGFR;CAPN1;ACTA1;TLN1;HRAS;EGF;PRKAR1B,CAPN2;EZR;EGFR;CAPN1;ACTA1;TLN1;HRAS;EGF;PRKAR1B;CAPNS1;PRKAR2B;PRKAR2A;ITGB1;PRKACB;PRKAR1A,"[285, 507, 2347, 2681, 2840, 3565, 3976, 4444, 4473, 6148, 6764, 11277, 11311, 16466, 16685]",c2.cp.biocarta__BIOCARTA_MCALPAIN_PATHWAY
c2.cp.biocarta,BIOCARTA_LAIR_PATHWAY,prerank,0.4119417342581313,1.0471708268625632,0.3877551020408163,0.553439380500861,1.0,7_16,7/16,15.62%,ITGB2;C3;C7;ICAM1;IL6;SELPLG;ITGAL,ITGB2;C3;C7;ICAM1;IL6;SELPLG;ITGAL;TNF;KNG1;ITGB1;VCAM1;IL1A;C6;SELP;ITGA4;C5,"[902, 1102, 1107, 1872, 2121, 2361, 2736, 3515, 8499, 11311, 11751, 12614, 13010, 13476, 15698, 17107]",c2.cp.biocarta__BIOCARTA_LAIR_PATHWAY
c2.cp.biocarta,BIOCARTA_PYK2_PATHWAY,prerank,0.35653139345896395,1.0437509440351966,0.375,0.5544966768509371,1.0,8_27,8/27,20.05%,MAP2K3;PLCG1;MAPK3;MAP2K2;JUN;RAF1;CRKL;BCAR1,MAP2K3;PLCG1;MAPK3;MAP2K2;JUN;RAF1;CRKL;BCAR1;HRAS;SHC1;MAP2K1;SOS1;PTK2B;MAP3K1;MAPK14;MAP2K4;GNAQ;PRKCA;GRB2;RAC1;CALM3;CALM2;MAPK1;PAK1;PRKCB;CALM1;MAPK8,"[292, 405, 1114, 2104, 2824, 3033, 3142, 3512, 3976, 4654, 5701, 5826, 6883, 7054, 7304, 8233, 10758, 10873, 11405, 11471, 12212, 12311, 12772, 14368, 14648, 14779, 16304]",c2.cp.biocarta__BIOCARTA_PYK2_PATHWAY
c2.cp.biocarta,BIOCARTA_MEF2D_PATHWAY,prerank,0.4070839594255498,1.0367033629411442,0.4025423728813559,0.5623371292994167,1.0,4_17,4/17,12.95%,CAPN2;NFATC2;NFATC1;HDAC1,CAPN2;NFATC2;NFATC1;HDAC1;PPP3CC;CABIN1;CAPNS1;EP300;HDAC2;PRKCA;PPP3CA;MEF2D;CALM3;CALM2;PPP3CB;PRKCB;CALM1,"[285, 1367, 1675, 2268, 3642, 5041, 6148, 7268, 9498, 10873, 11156, 12103, 12212, 12311, 12602, 14648, 14779]",c2.cp.biocarta__BIOCARTA_MEF2D_PATHWAY
c2.cp.biocarta,BIOCARTA_NGF_PATHWAY,prerank,0.3920691337012273,1.0298668479910988,0.42857142857142855,0.5698025351745325,1.0,7_19,7/19,17.42%,PLCG1;ELK1;MAPK3;JUN;FOS;RAF1;NGF,PLCG1;ELK1;MAPK3;JUN;FOS;RAF1;NGF;HRAS;SHC1;NGFR;MAP2K1;SOS1;DPM2;PIK3CG;PIK3CA;GRB2;PIK3R1;MAPK8;CSNK2A1,"[405, 973, 1114, 2824, 2889, 3033, 3051, 3976, 4654, 4970, 5701, 5826, 6313, 6453, 7105, 11405, 14526, 16304, 16833]",c2.cp.biocarta__BIOCARTA_NGF_PATHWAY
c2.cp.biocarta,BIOCARTA_DNAFRAGMENT_PATHWAY,prerank,0.4532264357954893,1.0155097459165727,0.45689655172413796,0.5904183994968467,1.0,1_10,1/10,0.65%,CASP7,CASP7;TOP2A;DFFB;HMGB2;DFFA;GZMB;ENDOG;CASP3;HMGB1;TOP2B,"[112, 5039, 5280, 6576, 7631, 8826, 8993, 12945, 14226, 16912]",c2.cp.biocarta__BIOCARTA_DNAFRAGMENT_PATHWAY
c2.cp.biocarta,BIOCARTA_SHH_PATHWAY,prerank,0.3912530646976213,0.9956584777781919,0.4610526315789474,0.6161268656832258,1.0,4_15,4/15,10.71%,GLI1;SMO;GLI2;SUFU,GLI1;SMO;GLI2;SUFU;GLI3;PRKAR1B;SHH;PRKAR2B;PTCH1;DYRK1B;PRKAR2A;DYRK1A;GSK3B;PRKACB;PRKAR1A,"[369, 393, 1477, 1875, 2987, 4473, 5805, 6764, 9019, 9901, 11277, 14273, 15613, 16466, 16685]",c2.cp.biocarta__BIOCARTA_SHH_PATHWAY
c2.cp.biocarta,BIOCARTA_IL12_PATHWAY,prerank,0.381177645871261,0.9874371613444274,0.4722792607802875,0.6202512321488961,1.0,6_16,6/16,19.58%,IL18;TYK2;CD247;JUN;IL18R1;CD3E,IL18;TYK2;CD247;JUN;IL18R1;CD3E;CCR5;MAPK14;MAP2K6;CD3G;JAK2;STAT4;IL12RB1;IL12RB2;ETV5;MAPK8,"[662, 1122, 2564, 2824, 3123, 3429, 4246, 7304, 7672, 8645, 8889, 11706, 12365, 13865, 14899, 16304]",c2.cp.biocarta__BIOCARTA_IL12_PATHWAY
c2.cp.biocarta,BIOCARTA_GLEEVEC_PATHWAY,prerank,0.34930304062492,0.9901607832752158,0.468682505399568,0.6202930710973273,1.0,10_23,10/23,23.46%,MAPK3;MYC;BAD;JUN;FOS;RAF1;CRKL;AKT1;HRAS;STAT5A,MAPK3;MYC;BAD;JUN;FOS;RAF1;CRKL;AKT1;HRAS;STAT5A;STAT5B;MAP2K1;SOS1;PIK3CG;BCR;MAP3K1;PIK3CA;MAP2K4;JAK2;GRB2;PIK3R1;MAPK8;STAT1,"[1114, 1232, 2388, 2824, 2889, 3033, 3142, 3267, 3976, 4109, 5095, 5701, 5826, 6453, 7004, 7054, 7105, 8233, 8889, 11405, 14526, 16304, 16938]",c2.cp.biocarta__BIOCARTA_GLEEVEC_PATHWAY
c2.cp.biocarta,BIOCARTA_P27_PATHWAY,prerank,0.4117528615682064,0.9960241840463481,0.47780126849894294,0.6207194775932365,1.0,4_13,4/13,24.49%,CDK2;CKS1B;UBE2M;CCNE1,CDK2;CKS1B;UBE2M;CCNE1;TFDP1;NEDD8;CDKN1B;CUL1;E2F1;RBX1;RB1;SKP2;SKP1,"[1573, 3684, 3789, 4289, 5705, 6619, 7452, 7681, 7793, 8474, 9620, 11550, 12689]",c2.cp.biocarta__BIOCARTA_P27_PATHWAY
c2.cp.biocarta,BIOCARTA_TEL_PATHWAY,prerank,0.3739746428858238,0.9612484908843573,0.5010526315789474,0.6374073888932735,1.0,4_17,4/17,7.07%,IGF1R;HSP90AA1;MYC;BCL2,IGF1R;HSP90AA1;MYC;BCL2;EGFR;AKT1;TEP1;TP53;RB1;PRKCA;XRCC6;PPP2CA;TERT;KRAS;TNKS;XRCC5;TERF1,"[486, 876, 1232, 1238, 2347, 3267, 4297, 8693, 9620, 10873, 11348, 12732, 13041, 13814, 14449, 16129, 16643]",c2.cp.biocarta__BIOCARTA_TEL_PATHWAY
c2.cp.biocarta,BIOCARTA_EICOSANOID_PATHWAY,prerank,0.35628694360268764,0.9691995299333418,0.5085836909871244,0.6383179102993795,1.0,7_22,7/22,19.92%,EPHX1;TBXAS1;PTGER2;TBXA2R;ALOX5AP;CYSLTR2;HPGDS,EPHX1;TBXAS1;PTGER2;TBXA2R;ALOX5AP;CYSLTR2;HPGDS;PTGER1;CYP2J2;PTGIR;PTGES;PTGS1;PLA2G4A;ALOX5;PTGER4;CYSLTR1;PTGS2;PTGFR;EPHX2;PLCB1;PTGER3;PTGIS,"[819, 1346, 1376, 2131, 2249, 3223, 3489, 4313, 6548, 6622, 6773, 6934, 9214, 9403, 10354, 11181, 11182, 11263, 11584, 14865, 15604, 16232]",c2.cp.biocarta__BIOCARTA_EICOSANOID_PATHWAY
c2.cp.biocarta,BIOCARTA_INTEGRIN_PATHWAY,prerank,0.317884964952422,0.9704371473369352,0.5031315240083507,0.6412453325283795,1.0,14_32,14/32,22.70%,CSK;FYN;MAPK3;MAP2K2;CAPN1;JUN;ACTA1;RAF1;CRKL;RAPGEF1;BCAR1;TLN1;ZYX;HRAS,CSK;FYN;MAPK3;MAP2K2;CAPN1;JUN;ACTA1;RAF1;CRKL;RAPGEF1;BCAR1;TLN1;ZYX;HRAS;ACTN1;SHC1;RAP1A;MAP2K1;SOS1;TNS1;CAPNS1;ROCK1;BCR;RHOA;ITGB1;GRB2;VCL;CAV1;MAPK1;MAPK8;ACTN2;PPP1R12B,"[829, 1046, 1114, 2104, 2681, 2824, 2840, 3033, 3142, 3438, 3512, 3565, 3873, 3976, 4592, 4654, 5616, 5701, 5826, 6093, 6148, 6585, 7004, 7817, 11311, 11405, 11575, 12109, 12772, 16304, 17020, 17335]",c2.cp.biocarta__BIOCARTA_INTEGRIN_PATHWAY
c2.cp.biocarta,BIOCARTA_NUCLEARRS_PATHWAY,prerank,0.32268998130482857,0.956289854172042,0.5032822757111597,0.6414850973176873,1.0,11_30,11/30,21.81%,NR1H3;RARG;CYP4B1;ABCC2;PPARA;CYP3A4;ABCA1;ABCB1;PPARG;PPARD;CYP27B1,NR1H3;RARG;CYP4B1;ABCC2;PPARA;CYP3A4;ABCA1;ABCB1;PPARG;PPARD;CYP27B1;ABCC3;VDR;RARA;NR1I2;CYP8B1;ABCG1;ABCB4;CYP26A1;RARB;CYP4A22;ABCB11;ABCG5;CYP2E1;ABCD3;CYP4A11;ABCD2;NR1I3;NR1H4;CYP24A1,"[444, 1258, 1352, 1475, 1634, 2099, 2620, 3190, 3284, 3681, 3820, 4275, 4946, 5072, 6022, 6647, 7499, 8856, 8895, 10395, 11233, 11763, 12511, 14038, 14482, 14759, 15010, 15184, 15445, 15989]",c2.cp.biocarta__BIOCARTA_NUCLEARRS_PATHWAY
c2.cp.biocarta,BIOCARTA_NO1_PATHWAY,prerank,0.3278621037586189,0.9617835133840319,0.4959349593495935,0.6414969822304134,1.0,6_27,6/27,11.63%,NOS3;FLT4;HSP90AA1;VEGFA;FLT1;SLC7A1,NOS3;FLT4;HSP90AA1;VEGFA;FLT1;SLC7A1;ACTA1;AKT1;PRKAR1B;CHRNA1;PDE2A;TNNI1;PRKAR2B;KNG1;CHRM1;KDR;PRKAR2A;CAV1;CALM3;CALM2;PDE3A;PDE3B;BDKRB2;CALM1;RYR2;PRKACB;PRKAR1A,"[335, 525, 876, 1439, 1534, 2037, 2840, 3267, 4473, 4686, 5434, 5703, 6764, 8499, 9935, 10163, 11277, 12109, 12212, 12311, 13044, 13856, 14242, 14779, 16332, 16466, 16685]",c2.cp.biocarta__BIOCARTA_NO1_PATHWAY
c2.cp.biocarta,BIOCARTA_HER2_PATHWAY,prerank,0.3428648894841677,0.9727375430268006,0.49056603773584906,0.6425228934277211,1.0,7_23,7/23,17.95%,MAPK3;IL6R;IL6;EGFR;ERBB2;RAF1;STAT3,MAPK3;IL6R;IL6;EGFR;ERBB2;RAF1;STAT3;HRAS;SHC1;CARM1;IL6ST;MAP2K1;SOS1;PIK3CG;PIK3CA;EP300;GRIP1;ERBB3;GRB2;MAPK1;ERBB4;PIK3R1;ESR1,"[1114, 2017, 2121, 2347, 2593, 3033, 3143, 3976, 4654, 4877, 5448, 5701, 5826, 6453, 7105, 7268, 8810, 9861, 11405, 12772, 13750, 14526, 16134]",c2.cp.biocarta__BIOCARTA_HER2_PATHWAY
c2.cp.biocarta,BIOCARTA_G1_PATHWAY,prerank,0.3253290555835895,0.9631796124674485,0.5237068965517241,0.6442793338453611,1.0,7_28,7/28,14.95%,TGFB1;TGFB2;CDK2;CDKN1A;TGFB3;HDAC1;SMAD4,TGFB1;TGFB2;CDK2;CDKN1A;TGFB3;HDAC1;SMAD4;CDKN2A;CDKN2B;CCNE1;CDC25A;TFDP1;DHFR;SMAD3;ABL1;CDKN1B;E2F1;CDK4;CDK1;TP53;RB1;CCNA1;CDK6;ATM;SKP2;CCND1;GSK3B;ATR,"[386, 1191, 1573, 1714, 1861, 2268, 2618, 3605, 3838, 4289, 5226, 5705, 5804, 5844, 6593, 7452, 7793, 7822, 8376, 8693, 9620, 10863, 11099, 11270, 11550, 13673, 15613, 17503]",c2.cp.biocarta__BIOCARTA_G1_PATHWAY
c2.cp.biocarta,BIOCARTA_GATA3_PATHWAY,prerank,0.38300454700604275,0.9402587729553857,0.5450643776824035,0.6656549708937748,1.0,4_13,4/13,14.45%,MAP2K3;NFATC2;NFATC1;GATA3,MAP2K3;NFATC2;NFATC1;GATA3;PRKAR1B;PRKAR2B;MAPK14;IL13;IL4;PRKAR2A;IL5;PRKACB;PRKAR1A,"[292, 1367, 1675, 2530, 4473, 6764, 7304, 8159, 8442, 11277, 15390, 16466, 16685]",c2.cp.biocarta__BIOCARTA_GATA3_PATHWAY
c2.cp.biocarta,BIOCARTA_CDK5_PATHWAY,prerank,0.38920479483175335,0.9190962290653458,0.5553359683794467,0.6938896342870314,1.0,5_12,5/12,22.70%,MAPK3;MAP2K2;RAF1;NGF;HRAS,MAPK3;MAP2K2;RAF1;NGF;HRAS;NGFR;MAP2K1;CDK5;DPM2;CDK5R1;MAPK1;EGR1,"[1114, 2104, 3033, 3051, 3976, 4970, 5701, 6185, 6313, 10324, 12772, 15627]",c2.cp.biocarta__BIOCARTA_CDK5_PATHWAY
c2.cp.biocarta,BIOCARTA_HDAC_PATHWAY,prerank,0.32050892851908086,0.9191702969709464,0.5639913232104121,0.6990845571271203,1.0,7_25,7/25,20.80%,IGF1R;NFATC2;NFATC1;INSR;AKT1;MAPK7;PPP3CC,IGF1R;NFATC2;NFATC1;INSR;AKT1;MAPK7;PPP3CC;MYOD1;HDAC5;CABIN1;PIK3CG;CAMK1;PIK3CA;MAPK14;MAP2K6;YWHAH;CAMK1G;PPP3CA;AVP;CALM3;CALM2;PPP3CB;PIK3R1;CALM1;IGF1,"[486, 1367, 1675, 3052, 3267, 3561, 3642, 4524, 4646, 5041, 6453, 6902, 7105, 7304, 7672, 7832, 9758, 11156, 11326, 12212, 12311, 12602, 14526, 14779, 15473]",c2.cp.biocarta__BIOCARTA_HDAC_PATHWAY
c2.cp.biocarta,BIOCARTA_AGPCR_PATHWAY,prerank,-0.5653961396171675,-1.25884780287561,0.19136960600375236,0.7142681920982444,1.0,4_10,4/10,19.05%,PRKAR1A;PRKACB;PRKCB;ARRB1,PRKAR1B;GNAS;PRKAR2B;PRKCA;GRK4;PRKAR2A;ARRB1;PRKCB;PRKACB;PRKAR1A,"[4473, 4729, 6764, 10873, 10900, 11277, 14181, 14648, 16466, 16685]",c2.cp.biocarta__BIOCARTA_AGPCR_PATHWAY
c2.cp.biocarta,BIOCARTA_VITCB_PATHWAY,prerank,0.3831457495074393,0.8965540903883987,0.6021739130434782,0.7298426619317353,1.0,4_11,4/11,18.02%,SLC2A3;P4HB;COL4A4;SLC2A1,SLC2A3;P4HB;COL4A4;SLC2A1;COL4A3;COL4A2;COL4A1;COL4A6;SLC23A1;COL4A5;SLC23A2,"[833, 1840, 2709, 3156, 8021, 8242, 9975, 10672, 12133, 14154, 16519]",c2.cp.biocarta__BIOCARTA_VITCB_PATHWAY
c2.cp.biocarta,BIOCARTA_LECTIN_PATHWAY,prerank,0.398640184080032,0.8873536864135414,0.5895833333333333,0.7417657736735308,1.0,5_10,5/10,15.67%,C3;C7;C4B;C4A;C2,C3;C7;C4B;C4A;C2;C9;MASP1;C6;MASP2;C5,"[1102, 1107, 1395, 2614, 2744, 5937, 12028, 13010, 16068, 17107]",c2.cp.biocarta__BIOCARTA_LECTIN_PATHWAY
c2.cp.biocarta,BIOCARTA_LONGEVITY_PATHWAY,prerank,0.3511108745013671,0.8806211997879968,0.6325678496868476,0.7482159681569597,1.0,5_14,5/14,26.57%,IGF1R;AKT1;SOD1;HRAS;SHC1,IGF1R;AKT1;SOD1;HRAS;SHC1;PIK3CG;SOD3;PIK3CA;GHR;FOXO3;SOD2;CAT;PIK3R1;IGF1,"[486, 3267, 3398, 3976, 4654, 6453, 6504, 7105, 7202, 8003, 9445, 9839, 14526, 15473]",c2.cp.biocarta__BIOCARTA_LONGEVITY_PATHWAY
c2.cp.biocarta,BIOCARTA_SPRY_PATHWAY,prerank,0.33874451372451314,0.8755202193295037,0.6673427991886409,0.7518454064949752,1.0,8_16,8/16,26.57%,MAPK3;EGFR;SPRY1;RAF1;CBL;HRAS;EGF;SHC1,MAPK3;EGFR;SPRY1;RAF1;CBL;HRAS;EGF;SHC1;MAP2K1;SOS1;SPRY2;PTPRB;GRB2;SPRY4;MAPK1;RASA1,"[1114, 2347, 2949, 3033, 3071, 3976, 4444, 4654, 5701, 5826, 6637, 10643, 11405, 12130, 12772, 16602]",c2.cp.biocarta__BIOCARTA_SPRY_PATHWAY
c2.cp.biocarta,BIOCARTA_PS1_PATHWAY,prerank,0.3495504620052743,0.8693236455001007,0.6610878661087866,0.7569559099463972,1.0,6_14,6/14,17.55%,AXIN1;DVL1;FZD1;DLL1;NOTCH1;HNF1A,AXIN1;DVL1;FZD1;DLL1;NOTCH1;HNF1A;APC;RBPJ;BTRC;PSEN1;WNT1;ADAM17;GSK3B;CTNNB1,"[877, 1089, 1987, 2363, 2437, 3074, 9884, 12114, 12697, 13571, 14329, 14928, 15613, 16018]",c2.cp.biocarta__BIOCARTA_PS1_PATHWAY
c2.cp.biocarta,BIOCARTA_UCALPAIN_PATHWAY,prerank,0.36011866641435564,0.8592361876316962,0.6826722338204593,0.7571666346911582,1.0,4_12,4/12,20.36%,EZR;CAPN1;ACTA1;TLN1,EZR;CAPN1;ACTA1;TLN1;ACTN1;CAPNS1;ITGB3;RHOA;SPTAN1;ITGB1;RAC1;ACTN2,"[507, 2681, 2840, 3565, 4592, 6148, 7795, 7817, 8037, 11311, 11471, 17020]",c2.cp.biocarta__BIOCARTA_UCALPAIN_PATHWAY
c2.cp.biocarta,BIOCARTA_ARF_PATHWAY,prerank,0.3272821448635457,0.861828999948075,0.6477987421383647,0.7583183733578722,1.0,4_17,4/17,11.90%,MYC;TBX2;TWIST1;POLR1C,MYC;TBX2;TWIST1;POLR1C;CDKN2A;POLR1D;PIK3CG;ABL1;PIK3CA;E2F1;TP53;RB1;RAC1;PIK3R1;MDM2;POLR1B;POLR1A,"[1232, 1641, 1908, 2083, 3605, 5596, 6453, 6593, 7105, 7793, 8693, 9620, 11471, 14526, 15285, 15288, 15636]",c2.cp.biocarta__BIOCARTA_ARF_PATHWAY
c2.cp.biocarta,BIOCARTA_TRKA_PATHWAY,prerank,0.34939881761955893,0.8541466558965582,0.6720647773279352,0.7609116779835919,1.0,5_13,5/13,26.57%,PLCG1;NGF;AKT1;HRAS;SHC1,PLCG1;NGF;AKT1;HRAS;SHC1;SOS1;DPM2;PIK3CA;NTRK1;PRKCA;GRB2;PIK3R1;PRKCB,"[405, 3051, 3267, 3976, 4654, 5826, 6313, 7105, 9253, 10873, 11405, 14526, 14648]",c2.cp.biocarta__BIOCARTA_TRKA_PATHWAY
c2.cp.biocarta,BIOCARTA_ACH_PATHWAY,prerank,0.35700844760930006,0.8622057148096393,0.6471861471861472,0.7631539823880511,1.0,4_13,4/13,18.66%,RAPSN;BAD;CHRNB1;AKT1,RAPSN;BAD;CHRNB1;AKT1;PIK3CG;PTK2B;PIK3CA;YWHAH;FOXO3;CHRNG;TERT;PIK3R1;MUSK,"[871, 2388, 3148, 3267, 6453, 6883, 7105, 7832, 8003, 9061, 13041, 14526, 16254]",c2.cp.biocarta__BIOCARTA_ACH_PATHWAY
c2.cp.biocarta,BIOCARTA_HSWI_SNF_PATHWAY,prerank,-0.5402945999892377,-1.259230013576962,0.1889908256880734,0.7675311170461905,1.0,7_12,7/12,30.01%,NF1;TBP;GTF2A1;NR3C1;SMARCE1;SMARCA4;ACTB,SMARCB1;SMARCC1;ARID1A;SMARCD1;SMARCC2;ACTB;SMARCA4;SMARCE1;NR3C1;GTF2A1;TBP;NF1,"[3041, 3733, 6058, 8135, 8662, 12262, 12442, 13147, 14123, 15277, 15689, 17391]",c2.cp.biocarta__BIOCARTA_HSWI_SNF_PATHWAY
c2.cp.biocarta,BIOCARTA_CHREBP_PATHWAY,prerank,-0.4617249090419061,-1.2269550011053862,0.19553072625698323,0.7721070138396077,1.0,4_18,4/18,6.01%,PRKAA1;PRKAG1;PRKAR1A;PRKACB,ACSM1;MLXIPL;PRKAR1B;GNAS;PRKAG3;PRKAR2B;PRKAG2;ACSBG1;PRKAR2A;PRKAA2;PPP2CA;PRKAB1;PRKAB2;ADCY1;PRKACB;PRKAR1A;PRKAG1;PRKAA1,"[673, 1621, 4473, 4729, 5219, 6764, 8791, 9824, 11277, 11483, 12732, 13247, 13709, 13767, 16466, 16685, 16705, 17412]",c2.cp.biocarta__BIOCARTA_CHREBP_PATHWAY
c2.cp.biocarta,BIOCARTA_PRC2_PATHWAY,prerank,0.3422029614268482,0.8325250185485115,0.6750524109014675,0.7923513555946139,1.0,6_13,6/13,24.00%,YY1;RING1;HDAC1;EED;BMI1;EZH1,YY1;RING1;HDAC1;EED;BMI1;EZH1;CBX4;PHC1;RBBP7;HDAC2;EZH2;SUZ12;RBBP4,"[1746, 1978, 2268, 3207, 3628, 4204, 7228, 7839, 8460, 9498, 9837, 13872, 17106]",c2.cp.biocarta__BIOCARTA_PRC2_PATHWAY
c2.cp.biocarta,BIOCARTA_BARRESTIN_SRC_PATHWAY,prerank,0.31816178940600337,0.8225641710704882,0.7094188376753507,0.8038950216137529,1.0,6_16,6/16,22.70%,FGR;MAPK3;MAP2K2;RAF1;HCK;HRAS,FGR;MAPK3;MAP2K2;RAF1;HCK;HRAS;GNAS;MAP2K1;DNM1;KCNA2;MAPK1;KCNA1;ADCY1;ARRB1;PLCB1;KCNA3,"[341, 1114, 2104, 3033, 3336, 3976, 4729, 5701, 8266, 9477, 12772, 13115, 13767, 14181, 14865, 16219]",c2.cp.biocarta__BIOCARTA_BARRESTIN_SRC_PATHWAY
c2.cp.biocarta,BIOCARTA_AKAPCENTROSOME_PATHWAY,prerank,-0.52768104604423,-1.2648297484572022,0.18504672897196262,0.8096842209781469,1.0,4_13,4/13,8.87%,PRKAG1;PRKACB;AKAP9;MAP2,PKN1;PRKAR2B;RHOA;CDK1;PCNT;PRKAR2A;PPP2CA;NUP85;PRKCE;MAP2;AKAP9;PRKACB;PRKAG1,"[1248, 6764, 7817, 8376, 10697, 11277, 12732, 13222, 13636, 15965, 16195, 16466, 16705]",c2.cp.biocarta__BIOCARTA_AKAPCENTROSOME_PATHWAY
c2.cp.biocarta,BIOCARTA_ERAD_PATHWAY,prerank,0.3075663747271495,0.8149258114818159,0.7169811320754716,0.8112992210057124,1.0,3_19,3/19,10.61%,FBXO2;SEC61A1;UBE2I,FBXO2;SEC61A1;UBE2I;MAN2B1;MAN2C1;MAN1C1;MOGS;SAE1;CUL1;RBX1;MAN1A1;UBA2;SKP1;CANX;GANAB;UGGT1;MAN2A2;EDEM1;MAN1A2,"[167, 1656, 1857, 3690, 3984, 4456, 5571, 7646, 7681, 8474, 11169, 11381, 12689, 12788, 13207, 13932, 15082, 15140, 15174]",c2.cp.biocarta__BIOCARTA_ERAD_PATHWAY
c2.cp.biocarta,BIOCARTA_TFF_PATHWAY,prerank,0.29520271795886655,0.7991848077546289,0.7693965517241379,0.8313534790344063,1.0,8_20,8/20,26.66%,MAPK3;EGFR;BAD;ERBB2;AKT1;HRAS;SHC1;TFF3,MAPK3;EGFR;BAD;ERBB2;AKT1;HRAS;SHC1;TFF3;SOS1;CASP9;PIK3CG;PIK3CA;GHR;RHOA;ITGB1;GRB2;MAPK1;APAF1;PIK3R1;CTNNB1,"[1114, 2347, 2388, 2593, 3267, 3976, 4654, 4669, 5826, 6429, 6453, 7105, 7202, 7817, 11311, 11405, 12772, 13773, 14526, 16018]",c2.cp.biocarta__BIOCARTA_TFF_PATHWAY
c2.cp.biocarta,BIOCARTA_STATHMIN_PATHWAY,prerank,-0.4573175801382868,-1.1956555502453683,0.22,0.8322119133352608,1.0,3_18,3/18,6.01%,CAMK4;PRKAR1A;PRKACB,HSPA5;CD2;CD247;CD3E;PRKAR1B;UHMK1;PRKAR2B;TSG101;CCNB1;CDK1;CD3G;MAPK13;RB1CC1;PRKAR2A;STMN1;PRKACB;PRKAR1A;CAMK4,"[1765, 2509, 2564, 3429, 4473, 6551, 6764, 7851, 8226, 8376, 8645, 8706, 8973, 11277, 12454, 16466, 16685, 16852]",c2.cp.biocarta__BIOCARTA_STATHMIN_PATHWAY
c2.cp.biocarta,BIOCARTA_CK1_PATHWAY,prerank,-0.5041013631801962,-1.275551115390494,0.17234848484848486,0.8398225161701915,1.0,4_15,4/15,15.15%,PRKAR1A;PRKACB;DRD2;PLCB1,CSNK1D;PRKAR1B;PPP1R1B;CDK5;PRKAR2B;DRD1;GRM1;CDK5R1;PPP3CA;PRKAR2A;PPP2CA;PLCB1;DRD2;PRKACB;PRKAR1A,"[3453, 4473, 6119, 6185, 6764, 8994, 10008, 10324, 11156, 11277, 12732, 14865, 15657, 16466, 16685]",c2.cp.biocarta__BIOCARTA_CK1_PATHWAY
c2.cp.biocarta,BIOCARTA_BIOPEPTIDES_PATHWAY,prerank,0.26470590218371326,0.7727183827712159,0.8300653594771242,0.8622100316339418,1.0,6_28,6/28,17.95%,PLCG1;FYN;MAPK3;MAP2K2;RAF1;STAT3,PLCG1;FYN;MAPK3;MAP2K2;RAF1;STAT3;HRAS;STAT5A;SHC1;MAP2K1;AGT;GNA11;SOS1;CDK5;PTK2B;MAPK14;F2;KNG1;JAK2;PRKCA;GRB2;CALM3;CALM2;MAPK1;PRKCB;CALM1;MAPK8;STAT1,"[405, 1046, 1114, 2104, 3033, 3143, 3976, 4109, 4654, 5701, 5734, 5737, 5826, 6185, 6883, 7304, 7524, 8499, 8889, 10873, 11405, 12212, 12311, 12772, 14648, 14779, 16304, 16938]",c2.cp.biocarta__BIOCARTA_BIOPEPTIDES_PATHWAY
c2.cp.biocarta,BIOCARTA_PTEN_PATHWAY,prerank,0.29402668631664436,0.7754808898779237,0.8098290598290598,0.864041267070992,1.0,4_17,4/17,20.05%,MAPK3;EGFR;AKT1;BCAR1,MAPK3;EGFR;AKT1;BCAR1;SHC1;SOS1;ILK;PIK3CA;CDKN1B;FOXO3;PTEN;PDPK1;ITGB1;GRB2;PDK2;MAPK1;PIK3R1,"[1114, 2347, 3267, 3512, 4654, 5826, 5935, 7105, 7452, 8003, 10528, 10975, 11311, 11405, 11759, 12772, 14526]",c2.cp.biocarta__BIOCARTA_PTEN_PATHWAY
c2.cp.biocarta,BIOCARTA_BAD_PATHWAY,prerank,0.27682944251503105,0.7645642694594588,0.8181818181818182,0.8678382989513482,1.0,5_22,5/22,13.64%,IGF1R;MAPK3;BCL2;BAX;BAD,IGF1R;MAPK3;BCL2;BAX;BAD;AKT1;PRKAR1B;RPS6KA1;PIK3CG;PRKAR2B;PIK3CA;YWHAH;CSF2RB;PRKAR2A;KITLG;MAPK1;ADCY1;PIK3R1;IGF1;KIT;PRKACB;PRKAR1A,"[486, 1114, 1238, 1799, 2388, 3267, 4473, 5141, 6453, 6764, 7105, 7832, 7860, 11277, 12483, 12772, 13767, 14526, 15473, 15737, 16466, 16685]",c2.cp.biocarta__BIOCARTA_BAD_PATHWAY
c2.cp.biocarta,BIOCARTA_DREAM_PATHWAY,prerank,0.3169459831688416,0.7580537996696164,0.7720430107526882,0.8715835873984408,1.0,5_12,5/12,17.21%,MAPK3;CREM;JUN;FOS;OPRK1,MAPK3;CREM;JUN;FOS;OPRK1;PRKAR1B;PRKAR2B;CREB1;KCNIP3;PRKAR2A;PRKACB;PRKAR1A,"[1114, 2587, 2824, 2889, 3014, 4473, 6764, 10478, 10999, 11277, 16466, 16685]",c2.cp.biocarta__BIOCARTA_DREAM_PATHWAY
c2.cp.biocarta,BIOCARTA_PTDINS_PATHWAY,prerank,0.2648715227139289,0.7499653750543154,0.8206185567010309,0.8769800269359417,1.0,5_23,5/23,18.66%,PLCG1;PFKP;BAD;BTK;AKT1,PLCG1;PFKP;BAD;BTK;AKT1;GSK3A;PFKL;JAG1;AP2M1;ARF1;AP2A1;LYN;VAV2;RPS6KB1;PFKM;PDPK1;RAC1;PRKCZ;PRKCE;EEA1;ARHGEF2;RAB5A;GSK3B,"[405, 1158, 2388, 2617, 3267, 4452, 4981, 5281, 5915, 6147, 6922, 6930, 8144, 8326, 8947, 10975, 11471, 13086, 13636, 14308, 14851, 15603, 15613]",c2.cp.biocarta__BIOCARTA_PTDINS_PATHWAY
c2.cp.biocarta,BIOCARTA_AT1R_PATHWAY,prerank,0.25366425237512397,0.7314325686682807,0.9034907597535934,0.8836108551256422,1.0,6_27,6/27,17.32%,ELK1;MAPK3;MAP2K2;EGFR;JUN;RAF1,ELK1;MAPK3;MAP2K2;EGFR;JUN;RAF1;HRAS;AGTR1;SHC1;MAP2K1;AGT;SOS1;PTK2B;MAP3K1;ATF2;MAP2K4;GNAQ;PRKCA;GRB2;RAC1;CALM3;CALM2;MAPK1;PAK1;PRKCB;CALM1;MAPK8,"[973, 1114, 2104, 2347, 2824, 3033, 3976, 4464, 4654, 5701, 5734, 5826, 6883, 7054, 8136, 8233, 10758, 10873, 11405, 11471, 12212, 12311, 12772, 14368, 14648, 14779, 16304]",c2.cp.biocarta__BIOCARTA_AT1R_PATHWAY
c2.cp.biocarta,BIOCARTA_BTG2_PATHWAY,prerank,0.32120616119220413,0.731533921127137,0.814498933901919,0.8893397371789543,1.0,2_10,2/10,17.42%,BTG1;NGF,BTG1;NGF;PRMT1;TP53;BTG2;CHAF1A;RB1;FGF1;CCND1;CHAF1B,"[856, 3051, 4768, 8693, 8882, 9035, 9620, 11280, 13673, 14111]",c2.cp.biocarta__BIOCARTA_BTG2_PATHWAY
c2.cp.biocarta,BIOCARTA_MAL_PATHWAY,prerank,0.27780724118670763,0.7359457376759303,0.8467583497053045,0.8896213262816088,1.0,5_19,5/19,17.55%,MAPK3;MAP2K2;ACTA1;RAF1;HNF1A,MAPK3;MAP2K2;ACTA1;RAF1;HNF1A;HRAS;DIAPH1;SRF;MAP2K1;ROCK1;MAP3K1;LIMK1;RHOA;MAP4K2;MAL;RAC1;MAPK1;CDC42;MAPK8,"[1114, 2104, 2840, 3033, 3074, 3976, 5025, 5159, 5701, 6585, 7054, 7458, 7817, 8664, 10887, 11471, 12772, 16108, 16304]",c2.cp.biocarta__BIOCARTA_MAL_PATHWAY
c2.cp.biocarta,BIOCARTA_LEPTIN_PATHWAY,prerank,-0.5816096918468767,-1.2815853692991113,0.17992424242424243,0.8992106254544816,1.0,2_10,2/10,4.65%,PRKAA1;PRKAG1,CPT1A;PRKAG3;LEPR;PRKAG2;PRKAA2;ACACA;PRKAB1;PRKAB2;PRKAG1;PRKAA1,"[4767, 5219, 5645, 8791, 11483, 11923, 13247, 13709, 16705, 17412]",c2.cp.biocarta__BIOCARTA_LEPTIN_PATHWAY
c2.cp.biocarta,BIOCARTA_GABA_PATHWAY,prerank,-0.6520614351449862,-1.4391690979582323,0.0682261208576998,0.9005572055615423,0.989,5_10,5/10,22.85%,GABRA6;GPHN;UBQLN1;GABRA1;GABRA4,GABARAP;GABRA3;GABRA2;GABRA5;NSF;GABRA4;GABRA1;UBQLN1;GPHN;GABRA6,"[5318, 8974, 10734, 10979, 11436, 13516, 13541, 14692, 15320, 17516]",c2.cp.biocarta__BIOCARTA_GABA_PATHWAY
c2.cp.biocarta,BIOCARTA_PGC1A_PATHWAY,prerank,0.2761495207009097,0.691061482559859,0.8725274725274725,0.9236136885654815,1.0,3_15,3/15,10.87%,ESRRA;PPARA;SLC2A4,ESRRA;PPARA;SLC2A4;PPP3CC;HDAC5;CAMK1;YWHAH;CAMK1G;PPP3CA;PPARGC1A;CALM3;CALM2;PPP3CB;CALM1;CAMK4,"[1143, 1634, 1904, 3642, 4646, 6902, 7832, 9758, 11156, 11622, 12212, 12311, 12602, 14779, 16852]",c2.cp.biocarta__BIOCARTA_PGC1A_PATHWAY
c2.cp.biocarta,BIOCARTA_IGF1R_PATHWAY,prerank,0.24256534426242615,0.6841004703232082,0.9006085192697769,0.9249336785964597,1.0,10_22,10/22,29.35%,IGF1R;MAPK3;BAD;RAF1;AKT1;HRAS;PRKAR1B;SHC1;IRS1;RPS6KA1,IGF1R;MAPK3;BAD;RAF1;AKT1;HRAS;PRKAR1B;SHC1;IRS1;RPS6KA1;MAP2K1;SOS1;PRKAR2B;PIK3CA;YWHAH;PRKAR2A;GRB2;MAPK1;ADCY1;PIK3R1;PRKACB;PRKAR1A,"[486, 1114, 2388, 3033, 3267, 3976, 4473, 4654, 5115, 5141, 5701, 5826, 6764, 7105, 7832, 11277, 11405, 12772, 13767, 14526, 16466, 16685]",c2.cp.biocarta__BIOCARTA_IGF1R_PATHWAY
c2.cp.biocarta,BIOCARTA_ARAP_PATHWAY,prerank,0.25204815331150915,0.6691303236359946,0.9096638655462185,0.9265022618715538,1.0,3_17,3/17,15.18%,ARAP1;CLTB;CYTH4,ARAP1;CLTB;CYTH4;CYTH3;ARFGAP1;ARF1;CYTH2;COPA;ARFGAP3;GBF1;ASAP1;CYTH1;ARAP2;ASAP2;ARFGEF2;GPLD1;ARFGEF1,"[459, 2398, 2659, 4140, 4788, 6147, 6427, 7070, 9192, 9467, 10665, 10917, 11599, 11638, 13844, 15817, 15835]",c2.cp.biocarta__BIOCARTA_ARAP_PATHWAY
c2.cp.biocarta,BIOCARTA_CPSF_PATHWAY,prerank,0.2981558856237136,0.6743108785337486,0.8662420382165605,0.927582983156711,1.0,2_10,2/10,6.15%,PABPN1;PAPOLA,PABPN1;PAPOLA;BCL2L2-PABPN1;CPSF4;CPSF1;CSTF3;CSTF1;CPSF2;CSTF2;CPSF3,"[844, 1076, 2691, 4602, 5126, 6385, 12796, 12936, 16102, 16819]",c2.cp.biocarta__BIOCARTA_CPSF_PATHWAY
c2.cp.biocarta,BIOCARTA_CELL2CELL_PATHWAY,prerank,-0.5714671811276505,-1.2951679950764252,0.15296367112810708,0.9308623155181359,1.0,4_10,4/10,9.03%,ACTN2;LRRTM2;CTNNB1;CTNNA3,CSK;BCAR1;ACTN1;CTNNA2;CTNNA1;VCL;CTNNA3;CTNNB1;LRRTM2;ACTN2,"[829, 3512, 4592, 5369, 8413, 11575, 15937, 16018, 16580, 17020]",c2.cp.biocarta__BIOCARTA_CELL2CELL_PATHWAY
c2.cp.biocarta,BIOCARTA_PROTEASOME_PATHWAY,prerank,-0.5218165029447096,-1.3688589404728104,0.10485436893203884,0.9345604705291409,1.0,3_19,3/19,4.36%,PSMB2;PSMA3;UBE3A,PSMA7;PSMB1;PSMB6;UBA1;PSMB5;RPN2;PSMB4;PSMB3;PSMA1;PSMB7;PSMA4;PSMA2;RPN1;PSMA6;UBE2A;PSMA5;UBE3A;PSMA3;PSMB2,"[3240, 3303, 4299, 4716, 5338, 5693, 6246, 6562, 6584, 7404, 7762, 8576, 9023, 11032, 11882, 14940, 16756, 16801, 17105]",c2.cp.biocarta__BIOCARTA_PROTEASOME_PATHWAY
c2.cp.biocarta,BIOCARTA_CBL_PATHWAY,prerank,0.2551703544329992,0.6159768704702916,0.940552016985138,0.9603980787997272,1.0,3_12,3/12,17.54%,CSF1R;EGFR;CBL,CSF1R;EGFR;CBL;EGF;SH3GLB1;SH3GLB2;PDGFRA;PRKCA;GRB2;SH3KBP1;MET;PRKCB,"[1549, 2347, 3071, 4444, 7319, 9533, 10418, 10873, 11405, 13893, 13901, 14648]",c2.cp.biocarta__BIOCARTA_CBL_PATHWAY
c2.cp.biocarta,BIOCARTA_SRCRPTP_PATHWAY,prerank,0.2575029483848036,0.5974966630295903,0.9354838709677419,0.9644064795102943,1.0,1_11,1/11,4.74%,CSK,CSK;CDC25B;CDC25A;VPS16;CCNB1;CDK1;PRKCA;GRB2;CDC25C;PRKCB;PTPRA,"[829, 4257, 5226, 5934, 8226, 8376, 10873, 11405, 13437, 14648, 15193]",c2.cp.biocarta__BIOCARTA_SRCRPTP_PATHWAY
c2.cp.biocarta,BIOCARTA_NOS1_PATHWAY,prerank,-0.5076907810372785,-1.3340225399032173,0.09778597785977859,0.9739657841742105,1.0,10_20,10/20,30.29%,PRKAR1A;PRKACB;GRIN2B;NOS1;CALM1;PRKCB;GRIN2A;PPP3CB;CALM2;CALM3,PPP3CC;PRKAR1B;GRIN1;PRKAR2B;GRIN2C;DLG4;GRIN2D;PRKCA;PPP3CA;PRKAR2A;CALM3;CALM2;PPP3CB;GRIN2A;PRKCB;CALM1;NOS1;GRIN2B;PRKACB;PRKAR1A,"[3642, 4473, 4890, 6764, 7345, 8524, 8633, 10873, 11156, 11277, 12212, 12311, 12602, 13106, 14648, 14779, 15846, 16281, 16466, 16685]",c2.cp.biocarta__BIOCARTA_NOS1_PATHWAY
c2.cp.biocarta,BIOCARTA_PLATELETAPP_PATHWAY,prerank,-0.24061347662242868,-0.5864933941869207,0.9477756286266924,0.9813943572715619,1.0,2_13,2/13,19.21%,APP;COL4A5,COL4A4;SERPINE1;F11;PLAU;PLAT;F2;COL4A3;COL4A2;COL4A1;PLG;COL4A6;COL4A5;APP,"[2709, 4011, 5199, 5250, 5897, 7524, 8021, 8242, 9975, 9981, 10672, 14154, 15665]",c2.cp.biocarta__BIOCARTA_PLATELETAPP_PATHWAY
c2.cp.biocarta,BIOCARTA_ACTINY_PATHWAY,prerank,-0.2104774681605223,-0.5007943970532953,0.9883495145631068,0.9900824418920458,1.0,7_12,7/12,39.93%,ABI2;NCKAP1;WASF1;RAC1;WASF3;PIR;WASL,ACTA1;WASF2;PSMA7;NCK1;NTRK1;WASL;PIR;WASF3;RAC1;WASF1;NCKAP1;ABI2,"[2840, 3195, 3240, 6129, 9253, 10524, 10844, 11289, 11471, 12034, 12193, 16343]",c2.cp.biocarta__BIOCARTA_ACTINY_PATHWAY
c2.cp.biocarta,BIOCARTA_RACC_PATHWAY,prerank,-0.26932507580844167,-0.6257070152442878,0.9386138613861386,0.9952404960053395,1.0,6_12,6/12,25.39%,TRPC5;TRPC3;ADCY1;KCNQ2;KCNQ3;KCNQ5,NOS3;TRPV4;GNAS;TRPC4;KCNQ4;GUCY1A2;KCNQ5;KCNQ3;KCNQ2;ADCY1;TRPC3;TRPC5,"[335, 2377, 4729, 7285, 10374, 11029, 13071, 13557, 13715, 13767, 14429, 15885]",c2.cp.biocarta__BIOCARTA_RACC_PATHWAY
c2.cp.biocarta,BIOCARTA_RB_PATHWAY,prerank,0.18183376178234803,0.44334513511303564,0.9933333333333333,0.9970347757609932,1.0,13_13,13/13,81.83%,CDK2;WEE1;CDC25B;CDC25A;CDK4;YWHAH;CDK1;TP53;RB1;ATM;MYT1;CDC25C;CHEK1,CDK2;WEE1;CDC25B;CDC25A;CDK4;YWHAH;CDK1;TP53;RB1;ATM;MYT1;CDC25C;CHEK1,"[1573, 4251, 4257, 5226, 7822, 7832, 8376, 8693, 9620, 11270, 12740, 13437, 14334]",c2.cp.biocarta__BIOCARTA_RB_PATHWAY
c2.cp.biocarta,BIOCARTA_VDR_PATHWAY,prerank,-0.20743052467694767,-0.587765175933382,0.9828571428571429,0.9982205592831923,1.0,3_24,3/24,12.66%,TOP2B;SUPT16H;MED1,RXRA;CREBBP;HDAC1;BAZ1B;SMARCC1;ACTL6A;PRMT1;CARM1;VDR;ARID1A;EP300;TSC2;SMARCD1;KAT2B;SMARCC2;NCOA1;CHAF1A;SMARCA4;NCOR1;SMARCE1;COPS2;MED1;SUPT16H;TOP2B,"[710, 1980, 2268, 3330, 3733, 3778, 4768, 4877, 4946, 6058, 7268, 7998, 8135, 8626, 8662, 8813, 9035, 12442, 12807, 13147, 13755, 15302, 16339, 16912]",c2.cp.biocarta__BIOCARTA_VDR_PATHWAY
c2.cp.biocarta,BIOCARTA_BARR_MAPK_PATHWAY,prerank,-0.29121517081141657,-0.6938894583224053,0.8752515090543259,1.0,1.0,6_13,6/13,27.10%,KCNA3;PLCB1;ARRB1;ADCY1;KCNA1;MAPK1,MAPK3;MAP2K2;RAF1;GNAS;MAP2K1;DNM1;KCNA2;MAPK1;KCNA1;ADCY1;ARRB1;PLCB1;KCNA3,"[1114, 2104, 3033, 4729, 5701, 8266, 9477, 12772, 13115, 13767, 14181, 14865, 16219]",c2.cp.biocarta__BIOCARTA_BARR_MAPK_PATHWAY
c2.cp.biocarta,BIOCARTA_LIS1_PATHWAY,prerank,-0.5467637440462901,-1.460404044067221,0.036468330134357005,1.0,0.978,9_19,9/19,26.24%,CSNK2A1;PAFAH1B1;RELN;DNAH6;DNAH3;DCTN6;DNAH8;DNAH1;DCX,DYNLL1;DCTN3;CDK5;ABL1;LRP8;CLIP1;NDEL1;CDK5R1;DNAH2;DCTN1;DCX;DNAH1;DNAH8;DCTN6;DNAH3;DNAH6;RELN;PAFAH1B1;CSNK2A1,"[2497, 5735, 6185, 6593, 7888, 9175, 9422, 10324, 11690, 11827, 12922, 13011, 14284, 14688, 15253, 16211, 16364, 16518, 16833]",c2.cp.biocarta__BIOCARTA_LIS1_PATHWAY
c2.cp.biocarta,BIOCARTA_AMAN_PATHWAY,prerank,-0.4366303499529728,-1.0391998257786865,0.4230055658627087,1.0,1.0,5_13,5/13,15.18%,FUT9;FUT4;MAN1A2;MAN2A2;B3GALT1,FUT7;MAN2B1;MAN2C1;MAN1C1;B3GALT2;MAN1A1;ST3GAL4;ST8SIA4;B3GALT1;MAN2A2;MAN1A2;FUT4;FUT9,"[1048, 3690, 3984, 4456, 9706, 11169, 11754, 12051, 14860, 15082, 15174, 15967, 16417]",c2.cp.biocarta__BIOCARTA_AMAN_PATHWAY
c2.cp.biocarta,BIOCARTA_RHO_PATHWAY,prerank,-0.30962900591867865,-0.8362571037831668,0.7102803738317757,1.0,1.0,1_20,1/20,1.05%,PPP1R12B,ARHGEF5;BAIAP2;TLN1;ARHGAP5;ARHGAP4;OPHN1;DIAPH1;PFN1;ARHGEF1;GSN;ARHGAP6;ROCK1;LIMK1;RHOA;ARHGEF11;ARHGAP1;VCL;PIP5K1A;PIP5K1B;PPP1R12B,"[2544, 3246, 3565, 3679, 3994, 4771, 5025, 5360, 5981, 6007, 6468, 6585, 7458, 7817, 7981, 11078, 11575, 11952, 12325, 17335]",c2.cp.biocarta__BIOCARTA_RHO_PATHWAY
c2.cp.biocarta,BIOCARTA_GHRELIN_PATHWAY,prerank,-0.3566302618928703,-0.8111173641023445,0.7057728119180633,1.0,1.0,3_11,3/11,16.85%,SST;IGF1;RAPGEF5,IGFBP6;IGFBP1;IGFBP5;IGFBP2;IGFBP4;IGFALS;IGFBP3;GHRL;RAPGEF5;IGF1;SST,"[1605, 2133, 2746, 4812, 5049, 6172, 7570, 8489, 14567, 15473, 17040]",c2.cp.biocarta__BIOCARTA_GHRELIN_PATHWAY
c2.cp.biocarta,BIOCARTA_ATRBRCA_PATHWAY,prerank,-0.5071136623464317,-1.377884660361419,0.07183364839319471,1.0,0.999,6_21,6/21,10.86%,ATR;FANCD2;RAD17;NBN;RAD50;RAD1,CHEK2;FANCE;FANCC;TREX1;HUS1;FANCG;RAD9A;RAD51;BRCA1;FANCA;BRCA2;TP53;ATM;FANCF;CHEK1;RAD1;RAD50;NBN;RAD17;FANCD2;ATR,"[581, 1602, 1672, 3447, 3476, 4445, 5087, 6595, 8479, 8525, 8630, 8693, 11270, 13210, 14334, 15617, 16167, 16435, 16664, 17393, 17503]",c2.cp.biocarta__BIOCARTA_ATRBRCA_PATHWAY
c2.cp.biocarta,BIOCARTA_IGF1_PATHWAY,prerank,-0.30272974659590907,-0.8245428487335104,0.743879472693032,1.0,1.0,5_21,5/21,11.68%,CSNK2A1;RASA1;MAPK8;PTPN11;IGF1,IGF1R;ELK1;MAPK3;JUN;FOS;RAF1;HRAS;SHC1;IRS1;SRF;MAP2K1;SOS1;PIK3CG;PIK3CA;GRB2;PIK3R1;IGF1;PTPN11;MAPK8;RASA1;CSNK2A1,"[486, 973, 1114, 2824, 2889, 3033, 3976, 4654, 5115, 5159, 5701, 5826, 6453, 7105, 11405, 14526, 15473, 16007, 16304, 16602, 16833]",c2.cp.biocarta__BIOCARTA_IGF1_PATHWAY
c2.cp.biocarta,BIOCARTA_PDZS_PATHWAY,prerank,-0.5845946917699867,-1.4994451854350914,0.0521415270018622,1.0,0.954,6_17,6/17,18.59%,NRXN3;PCLO;DLG2;DLG1;ANK1;CASK,ACTA1;GRIN1;GUK1;ADD1;SPTAN1;DLG4;NCAM1;DLG3;EPB41;SPTBN1;NFASC;CASK;ANK1;DLG1;DLG2;PCLO;NRXN3,"[2840, 4890, 5438, 5928, 8037, 8524, 9574, 10405, 10919, 11161, 11262, 14262, 14850, 16023, 16933, 16957, 16969]",c2.cp.biocarta__BIOCARTA_PDZS_PATHWAY
c2.cp.biocarta,BIOCARTA_MPR_PATHWAY,prerank,-0.2539564219036194,-0.6775500554030018,0.9092592592592592,1.0,1.0,6_20,6/20,27.28%,PRKAR1A;PRKACB;ADCY1;CDC25C;MAPK1;MYT1,MAPK3;PAQR5;ACTA1;HRAS;PRKAR1B;RPS6KA1;PIN1;PRKAR2B;PGR;CCNB1;CDK1;PAQR7;CAP1;PRKAR2A;MYT1;MAPK1;CDC25C;ADCY1;PRKACB;PRKAR1A,"[1114, 2490, 2840, 3976, 4473, 5141, 6165, 6764, 7328, 8226, 8376, 8627, 10635, 11277, 12740, 12772, 13437, 13767, 16466, 16685]",c2.cp.biocarta__BIOCARTA_MPR_PATHWAY
c2.cp.biocarta,BIOCARTA_NFAT_PATHWAY,prerank,-0.23015077799060932,-0.7321383665667393,0.9060150375939849,1.0,1.0,9_44,9/44,17.09%,CAMK4;PRKAR1A;PRKACB;MAPK8;CSNK1A1;GSK3B;IGF1;CALM1;PIK3R1,NFATC4;MAPK3;NFATC2;NFATC1;CREBBP;FGF2;CTF1;ACTA1;RAF1;AKT1;PPP3CC;CALR;HRAS;PRKAR1B;EDN1;MAP2K1;AGT;PIK3CG;PRKAR2B;CAMK1;PIK3CA;MAPK14;F2;NFATC3;NPPA;RPS6KB1;CAMK1G;PPP3CA;PRKAR2A;CALM3;HBEGF;CALM2;PPP3CB;MEF2C;MAPK1;PIK3R1;CALM1;IGF1;GSK3B;CSNK1A1;MAPK8;PRKACB;PRKAR1A;CAMK4,"[262, 1114, 1367, 1675, 1980, 2211, 2253, 2840, 3033, 3267, 3642, 3686, 3976, 4473, 5566, 5701, 5734, 6453, 6764, 6902, 7105, 7304, 7524, 7891, 8110, 8326, 9758, 11156, 11277, 12212, 12285, 12311, 12602, 12683, 12772, 14526, 14779, 15473, 15613, 15773, 16304, 16466, 16685, 16852]",c2.cp.biocarta__BIOCARTA_NFAT_PATHWAY
c2.cp.biocarta,BIOCARTA_CARM_ER_PATHWAY,prerank,-0.22613988525810103,-0.6328695896022772,0.9541108986615678,1.0,1.0,6_25,6/25,21.95%,ESR1;TBP;MED1;GTF2A1;NRIP1;CCND1,HDAC4;CREBBP;HDAC1;SRA1;HDAC3;NCOR2;HDAC5;CARM1;PELP1;HDAC6;SPEN;EP300;NR0B1;BRCA1;GRIP1;HDAC2;PHB2;PPARGC1A;MEF2C;CCND1;NRIP1;GTF2A1;MED1;TBP;ESR1,"[1124, 1980, 2268, 2314, 3950, 4578, 4646, 4877, 5114, 5473, 6167, 7268, 7720, 8479, 8810, 9498, 10159, 11622, 12683, 13673, 14451, 15277, 15302, 15689, 16134]",c2.cp.biocarta__BIOCARTA_CARM_ER_PATHWAY
c2.cp.biocarta,BIOCARTA_PTC1_PATHWAY,prerank,-0.3478822429765237,-0.8072043689253053,0.7233644859813084,1.0,1.0,3_11,3/11,23.30%,CCNH;MNAT1;CDC25C,XPO1;CDC25B;CDC25A;SHH;CCNB1;CDK1;PTCH1;CDK7;CDC25C;MNAT1;CCNH,"[1469, 4257, 5226, 5805, 8226, 8376, 9019, 10485, 13437, 13965, 17029]",c2.cp.biocarta__BIOCARTA_PTC1_PATHWAY
c2.cp.biocarta,BIOCARTA_AGR_PATHWAY,prerank,-0.2542699277081997,-0.7604852480147285,0.856,1.0,1.0,5_32,5/32,8.49%,PAK3;MAPK8;MUSK;CDC42;GIT2,RAPSN;PAK4;DVL1;MAPK3;ARHGEF6;EGFR;JUN;ACTA1;LAMA3;SP1;AGRN;CHRNA1;NRG2;CTTN;DAG1;PAK2;LAMA2;NRG3;LAMA4;CHRM1;DMD;NRG1;ITGB1;RAC1;MAPK1;PAK1;UTRN;GIT2;CDC42;MUSK;MAPK8;PAK3,"[871, 912, 1089, 1114, 1428, 2347, 2824, 2840, 3919, 4488, 4626, 4686, 4774, 5769, 5871, 7446, 8158, 9038, 9784, 9935, 10392, 10902, 11311, 11471, 12772, 14368, 14669, 16032, 16108, 16254, 16304, 17241]",c2.cp.biocarta__BIOCARTA_AGR_PATHWAY
c2.cp.biocarta,BIOCARTA_CARM1_PATHWAY,prerank,-0.3656516335023208,-0.8491744398397787,0.6756756756756757,1.0,1.0,2_11,2/11,6.01%,PRKAR1A;PRKACB,RXRA;CREBBP;PRKAR1B;CARM1;RARA;PRKAR2B;EP300;CREB1;PRKAR2A;PRKACB;PRKAR1A,"[710, 1980, 4473, 4877, 5072, 6764, 7268, 10478, 11277, 16466, 16685]",c2.cp.biocarta__BIOCARTA_CARM1_PATHWAY
c2.cp.biocarta,BIOCARTA_EIF_PATHWAY,prerank,-0.5130011587512786,-1.304267652780924,0.16453382084095064,1.0,1.0,4_16,4/16,16.25%,EIF4E;EIF4G3;EIF1AX;EIF2S1,EIF2S2;EIF1;EIF4G1;EIF4A1;EIF6;EEF2K;EIF5;EEF2;EIF4A2;EIF2S3;EIF4G2;EIF3A;EIF2S1;EIF1AX;EIF4G3;EIF4E,"[4201, 4426, 6233, 7033, 8000, 8245, 8533, 9332, 10269, 10791, 12560, 12714, 14673, 15362, 16569, 16760]",c2.cp.biocarta__BIOCARTA_EIF_PATHWAY
c2.cp.biocarta,BIOCARTA_EGF_PATHWAY,prerank,-0.26809115156517593,-0.7707964878054298,0.8404452690166976,1.0,1.0,4_27,4/27,6.94%,STAT1;CSNK2A1;RASA1;MAPK8,PLCG1;ELK1;MAPK3;EGFR;JUN;FOS;RAF1;STAT3;HRAS;STAT5A;EGF;SHC1;SRF;MAP2K1;SOS1;MAP3K1;PIK3CA;MAP2K4;JAK1;PRKCA;GRB2;PIK3R1;PRKCB;MAPK8;RASA1;CSNK2A1;STAT1,"[405, 973, 1114, 2347, 2824, 2889, 3033, 3143, 3976, 4109, 4444, 4654, 5159, 5701, 5826, 7054, 7105, 8233, 9271, 10873, 11405, 14526, 14648, 16304, 16602, 16833, 16938]",c2.cp.biocarta__BIOCARTA_EGF_PATHWAY
c2.cp.biocarta,BIOCARTA_RAB_PATHWAY,prerank,-0.4577261623794291,-1.1236345064862896,0.3050847457627119,1.0,1.0,6_13,6/13,20.93%,RAB6C;RAB6A;RAB5A;RAB7A;RAB2A;RAB11A,RAB4A;ACTA1;RAB9A;RAB27A;RAB8A;RAB3A;RAB1A;RAB11A;RAB2A;RAB7A;RAB5A;RAB6A;RAB6C,"[2256, 2840, 2858, 3307, 6908, 9354, 10946, 13852, 14415, 15081, 15603, 16294, 16536]",c2.cp.biocarta__BIOCARTA_RAB_PATHWAY
c2.cp.biocarta,BIOCARTA_PDGF_PATHWAY,prerank,-0.28337555811231413,-0.8162284721369271,0.766859344894027,1.0,1.0,4_28,4/28,6.94%,STAT1;CSNK2A1;RASA1;MAPK8,PLCG1;ELK1;MAPK3;JUN;FOS;RAF1;STAT3;HRAS;STAT5A;SHC1;SRF;MAP2K1;SOS1;PIK3CG;MAP3K1;PIK3CA;PDGFA;MAP2K4;JAK1;PDGFRA;PRKCA;GRB2;PIK3R1;PRKCB;MAPK8;RASA1;CSNK2A1;STAT1,"[405, 973, 1114, 2824, 2889, 3033, 3143, 3976, 4109, 4654, 5159, 5701, 5826, 6453, 7054, 7105, 7604, 8233, 9271, 10418, 10873, 11405, 14526, 14648, 16304, 16602, 16833, 16938]",c2.cp.biocarta__BIOCARTA_PDGF_PATHWAY
c2.cp.biocarta,BIOCARTA_EFP_PATHWAY,prerank,-0.30472538812928446,-0.7629497590480308,0.8061420345489443,1.0,1.0,2_16,2/16,10.21%,ESR1;SMURF1,CDK2;CDK3;TRIM25;CDK5;CDK4;CCNB1;CDK1;TP53;CDK8;CCNB2;SFN;CDK7;CDK6;SMURF2;SMURF1;ESR1,"[1573, 2997, 4214, 6185, 7822, 8226, 8376, 8693, 9311, 9950, 9994, 10485, 11099, 11219, 15731, 16134]",c2.cp.biocarta__BIOCARTA_EFP_PATHWAY
c2.cp.biocarta,BIOCARTA_AKAP95_PATHWAY,prerank,-0.4306658315843256,-0.9611761327805588,0.521415270018622,1.0,1.0,2_10,2/10,6.01%,PRKAG1;PRKACB,AKAP8;NCAPD2;PRKAR2B;CCNB1;CDK1;DDX5;PRKAR2A;PPP2CA;PRKACB;PRKAG1,"[588, 5630, 6764, 8226, 8376, 11020, 11277, 12732, 16466, 16705]",c2.cp.biocarta__BIOCARTA_AKAP95_PATHWAY
c2.cp.biocarta,BIOCARTA_PAR1_PATHWAY,prerank,-0.37061669182490475,-0.9626567793301098,0.5318725099601593,1.0,1.0,5_19,5/19,21.42%,PPP1R12B;PLCB1;PRKCB;PIK3R1;ADCY1,GNA12;GNA13;F2RL3;ARHGEF1;PIK3CG;ROCK1;PTK2B;PIK3CA;F2;F2R;RHOA;MAP3K7;GNAQ;PRKCA;ADCY1;PIK3R1;PRKCB;PLCB1;PPP1R12B,"[1633, 1948, 2216, 5981, 6453, 6585, 6883, 7105, 7524, 7751, 7817, 9639, 10758, 10873, 13767, 14526, 14648, 14865, 17335]",c2.cp.biocarta__BIOCARTA_PAR1_PATHWAY
c2.cp.biocarta,BIOCARTA_BARRESTIN_PATHWAY,prerank,-0.4485227555615078,-1.059316746526599,0.3735408560311284,1.0,1.0,5_11,5/11,25.14%,KCNA3;PLCB1;ARRB1;ADCY1;KCNA1,PPARA;GNAS;AP2M1;AP2A1;DNM1;KCNA2;KCNA1;ADCY1;ARRB1;PLCB1;KCNA3,"[1634, 4729, 5915, 6922, 8266, 9477, 13115, 13767, 14181, 14865, 16219]",c2.cp.biocarta__BIOCARTA_BARRESTIN_PATHWAY
c2.cp.biocarta,BIOCARTA_ACE2_PATHWAY,prerank,-0.2744906971937427,-0.6352337592427372,0.9133064516129032,1.0,1.0,3_11,3/11,29.21%,REN;COL4A5;ACE2,COL4A4;AGTR1;AGT;COL4A3;COL4A2;ACE;COL4A1;COL4A6;ACE2;COL4A5;REN,"[2709, 4464, 5734, 8021, 8242, 8966, 9975, 10672, 12402, 14154, 15761]",c2.cp.biocarta__BIOCARTA_ACE2_PATHWAY
c2.cp.biocarta,BIOCARTA_CREB_PATHWAY,prerank,-0.3540658368539395,-0.9646787959320234,0.49320388349514566,1.0,1.0,6_21,6/21,21.42%,PRKAR1A;PRKACB;RPS6KA5;PRKCB;PIK3R1;ADCY1,MAPK3;AKT1;HRAS;PRKAR1B;RPS6KA1;SOS1;PRKAR2B;PIK3CA;MAPK14;CREB1;PRKCA;PRKAR2A;GRB2;RAC1;MAPK1;ADCY1;PIK3R1;PRKCB;RPS6KA5;PRKACB;PRKAR1A,"[1114, 3267, 3976, 4473, 5141, 5826, 6764, 7105, 7304, 10478, 10873, 11277, 11405, 11471, 12772, 13767, 14526, 14648, 16291, 16466, 16685]",c2.cp.biocarta__BIOCARTA_CREB_PATHWAY
c2.cp.biocarta,BIOCARTA_NDKDYNAMIN_PATHWAY,prerank,-0.37144103683054747,-0.9507260138325371,0.5531914893617021,1.0,1.0,8_17,8/17,30.29%,EPS15;SYNJ1;CALM1;PICALM;SYNJ2;PPP3CB;CALM2;CALM3,EPN1;NME2;PPP3CC;AP2M1;AP2A1;NME1-NME2;DNM1;NME1;PPP3CA;CALM3;CALM2;PPP3CB;SYNJ2;PICALM;CALM1;SYNJ1;EPS15,"[1572, 3600, 3642, 5915, 6922, 7056, 8266, 11144, 11156, 12212, 12311, 12602, 13003, 13967, 14779, 15067, 16978]",c2.cp.biocarta__BIOCARTA_NDKDYNAMIN_PATHWAY
c2.cp.biocarta,BIOCARTA_RAC1_PATHWAY,prerank,-0.3498304323696306,-0.9492216877844609,0.5384615384615384,1.0,1.0,4_20,4/20,23.19%,PPP1R12B;PIK3R1;PAK1;PLD1,VAV1;RALBP1;NCF2;ARFIP2;CDK5;PIK3CG;MAP3K1;PIK3CA;LIMK1;TRIO;RPS6KB1;CHN1;CDK5R1;PDGFRA;RAC1;WASF1;PLD1;PAK1;PIK3R1;PPP1R12B,"[2843, 3283, 4720, 5475, 6185, 6453, 7054, 7105, 7458, 8219, 8326, 9383, 10324, 10418, 11471, 12034, 13456, 14368, 14526, 17335]",c2.cp.biocarta__BIOCARTA_RAC1_PATHWAY
c2.cp.biocarta,BIOCARTA_MTOR_PATHWAY,prerank,-0.336292797294917,-0.9148226300197402,0.5968688845401174,1.0,1.0,8_21,8/21,28.31%,EIF4E;EIF4G3;PIK3R1;TSC1;MTOR;PPP2CA;EIF3A;EIF4G2,EIF4EBP1;AKT1;EIF4G1;MKNK1;EIF4A1;PIK3CA;TSC2;RPS6KB1;RHEB;EIF4A2;PTEN;PDPK1;PDK2;EIF4G2;EIF3A;PPP2CA;MTOR;TSC1;PIK3R1;EIF4G3;EIF4E,"[455, 3267, 6233, 6710, 7033, 7105, 7998, 8326, 8835, 10269, 10528, 10975, 11759, 12560, 12714, 12732, 13065, 14195, 14526, 16569, 16760]",c2.cp.biocarta__BIOCARTA_MTOR_PATHWAY
c2.cp.biocarta,BIOCARTA_NPP1_PATHWAY,prerank,-0.3646445552984776,-0.8427933041713983,0.6685185185185185,1.0,1.0,2_10,2/10,19.21%,IBSP;COL4A5,COL4A4;ENPP1;SPP1;ALPL;COL4A3;COL4A2;COL4A1;COL4A6;COL4A5;IBSP,"[2709, 5903, 6253, 7488, 8021, 8242, 9975, 10672, 14154, 15643]",c2.cp.biocarta__BIOCARTA_NPP1_PATHWAY
c2.cp.biocarta,BIOCARTA_EDG1_PATHWAY,prerank,-0.2712878629929661,-0.7639424512385486,0.8447937131630648,1.0,1.0,6_22,6/22,21.42%,SPHKAP;PLCB1;PRKCB;PIK3R1;ASAH1;ADCY1,MAPK3;S1PR1;SMPD2;AKT1;SPHK1;PIK3CG;PIK3CA;PDGFA;ITGB3;RHOA;ITGAV;SMPD1;PDGFRA;PRKCA;RAC1;MAPK1;ADCY1;ASAH1;PIK3R1;PRKCB;PLCB1;SPHKAP,"[1114, 2528, 2796, 3267, 3596, 6453, 7105, 7604, 7795, 7817, 9460, 9914, 10418, 10873, 11471, 12772, 13767, 14148, 14526, 14648, 14865, 16393]",c2.cp.biocarta__BIOCARTA_EDG1_PATHWAY
c2.cp.biocarta,BIOCARTA_SM_PATHWAY,prerank,-0.3662449964232021,-0.9045458938438823,0.6052631578947368,1.0,1.0,2_14,2/14,3.96%,SNRPA1;SNRPD3,SNRPA;SNRNP70;SNRPB;SNRPD2;SNRPG;SNRPC;SNRPE;SNRPB2;U2AF1;SNRPD1;SNRPF;SRSF2;SNRPD3;SNRPA1,"[1030, 3756, 4167, 4575, 6491, 10196, 10370, 10569, 10811, 12984, 13074, 14385, 16826, 16976]",c2.cp.biocarta__BIOCARTA_SM_PATHWAY
c2.cp.biocarta,BIOCARTA_TPO_PATHWAY,prerank,-0.3325801050408543,-0.929655852607069,0.5687022900763359,1.0,1.0,4_24,4/24,5.23%,STAT1;CSNK2A1;MPL;RASA1,PLCG1;MAPK3;JUN;FOS;RAF1;STAT3;HRAS;STAT5A;SHC1;STAT5B;MAP2K1;SOS1;PIK3CG;PIK3CA;JAK2;PRKCA;GRB2;THPO;PIK3R1;PRKCB;RASA1;MPL;CSNK2A1;STAT1,"[405, 1114, 2824, 2889, 3033, 3143, 3976, 4109, 4654, 5095, 5701, 5826, 6453, 7105, 8889, 10873, 11405, 13556, 14526, 14648, 16602, 16653, 16833, 16938]",c2.cp.biocarta__BIOCARTA_TPO_PATHWAY
c2.cp.biocarta,BIOCARTA_RANBP2_PATHWAY,prerank,-0.345493002255486,-0.7865760458879114,0.7458677685950413,1.0,1.0,3_11,3/11,12.75%,PIAS2;HDAC9;MDM2,HDAC4;RANGAP1;HDAC1;HDAC6;SUMO1;RANBP2;RAN;PIAS1;MDM2;HDAC9;PIAS2,"[1124, 1743, 2268, 5473, 7337, 8103, 8903, 13684, 15285, 15818, 16696]",c2.cp.biocarta__BIOCARTA_RANBP2_PATHWAY
c2.cp.biocarta,BIOCARTA_AHSP_PATHWAY,prerank,-0.6428740345227285,-1.4958170178343069,0.03759398496240601,1.0,0.955,8_12,8/12,26.79%,HBB;FECH;ALAS2;HBA2;HBA1;ALAD;CPOX;GATA1,UROD;UROS;HMBS;ALAS1;GATA1;CPOX;ALAD;HBA1;HBA2;ALAS2;FECH;HBB,"[4913, 5140, 9001, 11488, 12826, 12929, 13422, 15448, 16398, 16487, 16983, 17049]",c2.cp.biocarta__BIOCARTA_AHSP_PATHWAY
c2.cp.biocarta,BIOCARTA_EIF4_PATHWAY,prerank,-0.2230771327784605,-0.6372480780477883,0.948051948051948,1.0,1.0,7_24,7/24,28.31%,EIF4E;EIF4G3;PRKCB;PIK3R1;MTOR;MAPK1;EIF4G2,EIF4EBP1;MAPK3;AKT1;IRS1;PABPC1;EIF4G1;MKNK1;EIF4A1;PIK3CA;GHR;MAPK14;RPS6KB1;EIF4A2;PTEN;PRKCA;PDPK1;PDK2;EIF4G2;MAPK1;MTOR;PIK3R1;PRKCB;EIF4G3;EIF4E,"[455, 1114, 3267, 5115, 6002, 6233, 6710, 7033, 7105, 7202, 7304, 8326, 10269, 10528, 10873, 10975, 11759, 12560, 12772, 13065, 14526, 14648, 16569, 16760]",c2.cp.biocarta__BIOCARTA_EIF4_PATHWAY
c2.cp.biocarta,BIOCARTA_AKAP13_PATHWAY,prerank,-0.3786807302656544,-0.8478005169030279,0.6787658802177858,1.0,1.0,2_10,2/10,6.01%,PRKAG1;PRKACB,LPAR2;GNA12;PRKAR2B;AKAP13;RHOA;LPAR1;LPAR3;PRKAR2A;PRKACB;PRKAG1,"[395, 1633, 6764, 7635, 7817, 8629, 11119, 11277, 16466, 16705]",c2.cp.biocarta__BIOCARTA_AKAP13_PATHWAY
c2.cp.biocarta,BIOCARTA_SET_PATHWAY,prerank,-0.34680147652381166,-0.7749868812933846,0.7855822550831792,1.0,1.0,1_10,1/10,4.84%,GZMA,CREBBP;PRF1;DFFB;HMGB2;DFFA;SET;GZMB;APEX1;ANP32A;GZMA,"[1980, 4709, 5280, 6576, 7631, 7850, 8826, 12075, 12532, 16671]",c2.cp.biocarta__BIOCARTA_SET_PATHWAY
c2.cp.biocarta,BIOCARTA_CCR3_PATHWAY,prerank,-0.3097836265262749,-0.7923220854231853,0.7559055118110236,1.0,1.0,6_16,6/16,30.35%,PPP1R12B;PLCB1;PRKCB;MAPK1;PIK3C2G;ROCK2,MAPK3;RAF1;HRAS;GNAS;MAP2K1;LIMK1;RHOA;NOX1;GNAQ;PRKCA;ROCK2;PIK3C2G;MAPK1;PRKCB;PLCB1;PPP1R12B,"[1114, 3033, 3976, 4729, 5701, 7458, 7817, 8800, 10758, 10873, 12203, 12690, 12772, 14648, 14865, 17335]",c2.cp.biocarta__BIOCARTA_CCR3_PATHWAY
c2.cp.biocarta,BIOCARTA_G2_PATHWAY,prerank,-0.3509375522137494,-0.9909820785082997,0.48282097649186256,1.0,1.0,3_24,3/24,5.59%,ATR;YWHAQ;PRKDC,CHEK2;PLK1;CDC34;CDKN1A;WEE1;CDC25B;RPS6KA1;CDC25A;CDKN2D;GADD45A;EP300;YWHAH;CCNB1;CDK1;BRCA1;TP53;ATM;MYT1;CDC25C;CHEK1;MDM2;PRKDC;YWHAQ;ATR,"[581, 869, 1309, 1714, 4251, 4257, 5141, 5226, 6003, 6740, 7268, 7832, 8226, 8376, 8479, 8693, 11270, 12740, 13437, 14334, 15285, 16539, 16842, 17503]",c2.cp.biocarta__BIOCARTA_G2_PATHWAY
c2.cp.biocarta,BIOCARTA_EIF2_PATHWAY,prerank,-0.4683727974750602,-1.0426473756110566,0.4280373831775701,1.0,1.0,5_10,5/10,21.87%,EIF2AK1;GSK3B;EIF2S1;EIF2AK3;EIF2AK4,EIF2B5;EIF2S2;EIF5;EIF2S3;EIF2AK2;EIF2AK4;EIF2AK3;EIF2S1;GSK3B;EIF2AK1,"[1685, 4201, 8533, 10791, 11535, 13687, 14600, 14673, 15613, 15783]",c2.cp.biocarta__BIOCARTA_EIF2_PATHWAY
c2.cp.biocarta,BIOCARTA_INSULIN_PATHWAY,prerank,-0.30550743060203395,-0.8431878848300409,0.7306967984934086,1.0,1.0,4_21,4/21,8.63%,CSNK2A1;RASA1;MAPK8;PTPN11,ELK1;MAPK3;SLC2A4;JUN;FOS;RAF1;INSR;HRAS;SHC1;IRS1;SRF;MAP2K1;SOS1;PIK3CG;PIK3CA;GRB2;PIK3R1;PTPN11;MAPK8;RASA1;CSNK2A1,"[973, 1114, 1904, 2824, 2889, 3033, 3052, 3976, 4654, 5115, 5159, 5701, 5826, 6453, 7105, 11405, 14526, 16007, 16304, 16602, 16833]",c2.cp.biocarta__BIOCARTA_INSULIN_PATHWAY
c2.cp.biocarta,BIOCARTA_MCM_PATHWAY,prerank,-0.42370425242764354,-1.0860807047239858,0.33941605839416056,1.0,1.0,9_18,9/18,28.75%,ORC3;MCM4;ORC6;ORC2;MCM2;ORC5;CDT1;MCM6;KITLG,CDK2;ORC1;MCM7;CCNE1;CDC6;MCM3;CDKN1B;MCM5;ORC4;KITLG;MCM6;CDT1;ORC5;MCM2;ORC2;ORC6;MCM4;ORC3,"[1573, 2860, 2994, 4289, 5149, 7142, 7452, 8417, 9548, 12483, 12498, 13771, 13987, 14346, 14629, 14949, 16190, 17103]",c2.cp.biocarta__BIOCARTA_MCM_PATHWAY
c2.cp.biocarta,BIOCARTA_MYOSIN_PATHWAY,prerank,-0.31849690870379016,-0.7326194502926723,0.7888675623800384,1.0,1.0,3_11,3/11,16.39%,PPP1R12B;PLCB1;PRKCB,PKN1;GNA12;GNA13;ARHGAP5;ARHGEF1;ROCK1;GNAQ;PRKCA;PRKCB;PLCB1;PPP1R12B,"[1248, 1633, 1948, 3679, 5981, 6585, 10758, 10873, 14648, 14865, 17335]",c2.cp.biocarta__BIOCARTA_MYOSIN_PATHWAY
c2.cp.biocarta,BIOCARTA_PLCE_PATHWAY,prerank,-0.4456156125288301,-0.9927056928710097,0.47985347985347987,1.0,1.0,2_10,2/10,6.01%,PRKAR1A;PRKACB,ADRB2;PTGER1;PRKAR1B;RAP2B;PLCE1;PRKAR2B;PRKAR2A;ADCY1;PRKACB;PRKAR1A,"[1595, 4313, 4473, 6006, 6601, 6764, 11277, 13767, 16466, 16685]",c2.cp.biocarta__BIOCARTA_PLCE_PATHWAY
